x1,x2,x3,x4,x5,x6,x7,x8,x9,x10
1161.8987139389164,0.0,0.0,0.0,0.0,0.0,0.0,0.0,0.0,0.0
1161.8987139389164,0.0,0.0,0.0,0.0,0.0,0.0,0.0,0.0,0.0
1161.8987139389164,0.0,0.0,0.0,0.0,0.0,0.0,0.0,0.0,0.0
1161.8987139389164,0.0,0.0,0.0,0.0,0.0,0.0,0.0,0.0,0.0
1161.8987139389164,0.0,0.0,0.0,0.0,0.0,0.0,0.0,0.0,0.0
1161.8987139389164,0.0,0.0,0.0,0.0,0.0,0.0,0.0,0.0,0.0
1161.8987139389164,0.0,19.160760727018783,0.0,0.0,0.0,0.0,0.0,0.0,0.0
1161.8987139389164,35.450500144074425,0.0,0.0,0.0,0.0,0.0,0.0,0.0,0.0
1161.8987139389164,35.45050014434773,0.0,0.0,0.0,0.0,0.0,0.0,0.0,0.0
1161.8987139389164,0.0,0.0,0.0,0.0,0.0,0.0,0.0,0.0,0.0
1161.8987139389164,0.0,0.0,0.0,0.0,0.0,0.0,0.0,0.0,0.0
1161.8987139389164,0.0,0.0,0.0,0.0,0.0,0.0,0.0,0.0,0.0
1161.8987139389164,0.0,0.0,0.0,0.0,0.0,0.0,0.0,0.0,0.0
1161.8987139389164,0.0,0.0,0.0,0.0,0.0,0.0,0.0,0.0,0.0
1161.8987139389164,0.0,0.0,0.0,0.0,0.0,0.0,0.0,0.0,0.0
1161.8987139389164,0.0,19.160760727018783,0.0,0.0,0.0,0.0,0.0,0.0,0.0
1161.8987139389164,0.0,0.0,0.0,0.0,0.0,0.0,0.0,0.0,0.0
1161.8987139389164,0.0,0.0,0.0,0.0,0.0,0.0,0.0,0.0,0.0
1161.8987139389164,0.0,0.0,0.0,0.0,0.0,0.0,0.0,0.0,0.0
1161.8987139389164,35.45050014364833,0.0,0.0,0.0,0.0,0.0,0.0,0.0,0.0
1161.8987139389164,35.45050014364833,0.0,0.0,0.0,0.0,0.0,0.0,0.0,0.0
1161.8987139389164,0.0,0.0,0.0,0.0,0.0,0.0,0.0,23.73610217866468,0.0
1161.8987139389164,0.0,0.0,0.0,0.0,0.0,0.0,0.0,0.0,0.0
1161.8987139389164,0.0,0.0,0.0,0.0,0.0,0.0,0.0,0.0,0.0
1161.8987139389164,0.0,0.0,0.0,0.0,0.0,0.0,0.0,0.0,0.0
1161.8987139389164,0.0,0.0,0.0,0.0,0.0,0.0,0.0,0.0,0.0
1161.8987139389164,0.0,0.0,0.0,0.0,0.0,0.0,0.0,0.0,0.0
1161.8987139389164,0.0,19.160760727021483,0.0,0.0,0.0,0.0,0.0,364.70043767787865,0.0
1161.8987139389164,0.0,0.0,0.0,0.0,0.0,0.0,0.0,0.0,0.0
1161.8987139389164,0.0,0.0,0.0,0.0,0.0,0.0,0.0,0.0,0.0
1161.8987139389164,0.0,0.0,0.0,0.0,0.0,0.0,0.0,0.0,0.0
1161.8987139389164,0.0,19.160760727013297,0.0,0.0,0.0,0.0,0.0,0.0,0.0
1161.8987139389164,0.0,0.0,0.0,0.0,0.0,0.0,0.0,0.0,0.0
1161.8987139389164,0.0,0.0,0.0,0.0,0.0,0.0,0.0,0.0,0.0
1161.8987139389164,0.0,0.0,3.5212011084695405e-7,0.0,0.0,0.0,0.0,0.0,0.0
1161.8987139389164,0.0,0.0,0.0,0.0,0.0,0.0,0.0,0.0,0.0
1161.8987139389164,0.0,0.0,0.0,0.0,0.0,0.0,0.0,0.0,0.0
1161.8987139389164,0.0,0.0,0.0,0.0,0.0,0.0,0.0,0.0,0.0
1161.8987139389164,35.45050014444618,0.0,0.0,0.0,0.0,0.0,0.0,0.0,0.0
1161.8987139389164,0.0,0.0,0.0,0.0,0.0,0.0,0.0,19.160760727038763,0.0
1161.8987139389164,0.0,0.0,3.5133112419316603e-7,0.0,0.0,0.0,0.0,23.736101827333556,0.0
1161.8987139389164,0.0,19.160760727021483,0.0,0.0,0.0,0.0,0.0,0.0,0.0
1161.8987139389164,35.45050014364833,0.0,0.0,0.0,0.0,0.0,0.0,0.0,0.0
1161.8987139389164,0.0,19.16076072702367,0.0,0.0,0.0,0.0,0.0,0.0,0.0
1161.8987139389164,0.0,0.0,0.0,0.0,0.0,0.0,0.0,23.73610217866468,0.0
1161.8987139389164,0.0,0.0,4.398127438855511,0.0,0.0,0.0,0.0,0.0,0.0
1161.8987139389164,0.0,0.0,0.0,0.0,0.0,0.0,0.0,0.0,0.0
1161.8987139389164,0.0,0.0,0.0,0.0,0.0,0.0,0.0,19.160760727038763,0.0
1161.8987139389164,0.0,0.0,0.0,0.0,0.0,0.0,0.0,0.0,0.0
1161.8987139389164,0.0,0.0,0.0,0.0,0.0,0.0,0.0,0.0,0.0
1161.8987139389164,35.450500144074425,0.0,0.0,0.0,0.0,0.0,0.0,0.0,0.0
1161.8987139389164,0.0,0.0,0.0,0.0,0.0,0.0,0.0,0.0,0.0
1161.8987139389164,35.450500143190055,0.0,0.0,0.0,0.0,0.0,0.0,0.0,0.0
1161.8987139389164,0.0,0.0,0.0,0.0,0.0,0.0,0.0,0.0,0.0
1161.8987139389164,0.0,0.0,0.0,0.0,0.0,0.0,0.0,0.0,0.0
1161.8987139389164,0.0,0.0,0.0,0.0,0.0,0.0,0.0,0.0,0.0
1161.8987139389164,0.0,0.0,0.0,0.0,0.0,0.0,0.0,0.0,0.0
1161.8987139389164,35.450500143190055,0.0,0.0,0.0,0.0,0.0,0.0,0.0,0.0
1161.8987139389164,35.45050014434773,0.0,0.0,0.0,0.0,0.0,0.0,0.0,0.0
1161.8987139389164,0.0,0.0,3.530063565904129e-7,2.301277390870382e-9,-1.0062990440928843e-9,0.0,0.0,0.0,0.0
1161.8987139389164,0.0,0.0,0.0,0.0,0.0,0.0,0.0,0.0,0.0
1161.8987139389164,0.0,19.160760727013297,0.0,0.0,0.0,0.0,0.0,2.546585164964199e-11,0.0
1161.8987139389164,0.0,0.0,0.0,0.0,0.0,0.0,0.0,0.0,0.0
1161.8987139389164,35.450500144074425,0.0,0.0,0.0,0.0,0.0,0.0,348.4106982608257,0.0
1161.8987139389164,0.0,0.0,0.0,0.0,0.0,0.0,0.0,0.0,0.0
1161.8987139389164,0.0,0.0,0.0,0.0,0.0,0.0,0.0,0.0,0.0
1161.8987139389164,0.0,0.0,0.0,0.0,0.0,0.0,0.0,0.0,0.0
1161.8987139389164,0.0,19.160760727024893,0.0,0.0,0.0,0.0,0.0,1.3869794202037156e-11,0.0
1161.8987139389164,35.450500144074425,0.0,0.0,0.0,0.0,0.0,0.0,0.0,0.0
1161.8987139389164,0.0,19.160760727013297,0.0,0.0,0.0,0.0,0.0,0.0,0.0
1161.8987139389164,0.0,0.0,0.0,0.0,0.0,0.0,0.0,0.0,0.0
1161.8987139389164,0.0,19.160760727013297,0.0,0.0,0.0,0.0,0.0,0.0,0.0
1161.8987139389164,0.0,0.0,3.5133112419316603e-7,0.0,0.0,0.0,0.0,6.5776362134783994e-9,0.0
1161.8987139389164,35.45050014364833,0.0,0.0,0.0,0.0,0.0,0.0,0.0,0.0
1161.8987139389164,35.45050014434773,0.0,0.0,0.0,0.0,0.0,0.0,0.0,0.0
1161.8987139389164,35.450500144074425,0.0,0.0,0.0,0.0,0.0,0.0,0.0,0.0
1161.8987139389164,0.0,0.0,0.0,0.0,0.0,0.0,0.0,0.0,0.0
1161.8987139389164,35.450500144074425,0.0,0.0,0.0,0.0,0.0,0.0,0.0,0.0
1161.8987139389164,35.45050014444618,0.0,0.0,0.0,0.0,0.0,0.0,0.0,0.0
1161.8987139389164,35.45050014444618,0.0,0.0,0.0,0.0,0.0,0.0,0.0,0.0
1161.8987139389164,0.0,0.0,0.0,0.0,0.0,0.0,0.0,0.0,0.0
1161.8987139389164,35.45050014280119,0.0,0.0,0.0,0.0,0.0,0.0,0.0,0.0
1161.8987139389164,0.0,0.0,0.0,0.0,0.0,0.0,0.0,0.0,0.0
1161.8987139389164,0.0,0.0,3.5300544709571113e-7,0.0,0.0,0.0,0.0,0.0,0.0
1161.8987139389164,0.0,0.0,0.0,0.0,0.0,0.0,0.0,0.0,0.0
1161.8987139389164,0.0,0.0,0.0,0.0,0.0,0.0,0.0,0.0,0.0
1161.8987139389164,0.0,19.160760727013297,0.0,0.0,0.0,0.0,0.0,0.0,0.0
1161.8987139389164,0.0,0.0,0.0,0.0,0.0,0.0,0.0,0.0,0.0
1161.8987139389164,0.0,0.0,3.539512363204267e-7,0.0,0.0,0.0,0.0,0.0,0.0
1161.8987139389164,0.0,0.0,0.0,0.0,0.0,0.0,0.0,0.0,0.0
1161.8987139389164,0.0,0.0,0.0,0.0,0.0,0.0,0.0,0.0,0.0
1161.8987139389164,0.0,0.0,0.0,0.0,0.0,0.0,0.0,0.0,0.0
1161.8987139389164,0.0,0.0,3.539512363204267e-7,0.0,0.0,0.0,0.0,0.0,0.0
1161.8987139389164,35.45050014364833,0.0,0.0,0.0,0.0,0.0,0.0,0.0,0.0
1161.8987139389164,35.45050014434773,0.0,0.0,0.0,0.0,0.0,0.0,0.0,0.0
1161.8987139389164,35.45050014444618,0.0,0.0,0.0,0.0,0.0,0.0,0.0,0.0
1161.8987139389164,0.0,0.0,0.0,0.0,0.0,0.0,0.0,0.0,0.0
1161.8987139389164,0.0,0.0,0.0,0.0,0.0,0.0,0.0,0.0,0.0
1161.8987139389164,0.0,19.16076072701597,0.0,0.0,0.0,0.0,0.0,2.2794210963184014e-11,0.0
1161.8987139389164,0.0,0.0,0.0,0.0,0.0,0.0,0.0,0.0,0.0
1161.8987139389164,35.450500143190055,0.0,0.0,0.0,0.0,0.0,0.0,348.4106982617101,0.0
1161.8987139389164,0.0,0.0,0.0,0.0,0.0,0.0,0.0,0.0,0.0
1161.8987139389164,0.0,0.0,0.0,0.0,0.0,0.0,0.0,0.0,0.0
1161.8987139389164,0.0,19.16076072701597,0.0,0.0,0.0,0.0,0.0,0.0,0.0
1161.8987139389164,0.0,0.0,0.0,0.0,0.0,0.0,0.0,0.0,0.0
1161.8987139389164,0.0,0.0,0.0,0.0,0.0,0.0,0.0,0.0,0.0
1161.8987139389164,35.450500144074425,0.0,0.0,0.0,0.0,0.0,0.0,0.0,0.0
1161.8987139389164,0.0,0.0,0.0,0.0,0.0,0.0,0.0,0.0,0.0
1161.8987139389164,0.0,0.0,0.0,0.0,0.0,0.0,0.0,0.0,0.0
1161.8987139389164,0.0,0.0,4.398127438855511,0.0,0.0,0.0,0.0,14.76263328816168,0.0
1161.8987139389164,0.0,0.0,0.0,0.0,0.0,0.0,0.0,0.0,0.0
1161.8987139389164,0.0,0.0,4.398127438855511,0.0,0.0,0.0,0.0,0.0,0.0
1161.8987139389164,0.0,0.0,0.0,0.0,0.0,0.0,0.0,0.0,0.0
1161.8987139389164,35.45050014444618,0.0,0.0,0.0,0.0,0.0,0.0,0.0,0.0
1161.8987139389164,0.0,0.0,0.0,0.0,0.0,0.0,0.0,0.0,0.0
1161.8987139389164,0.0,0.0,4.398127438855511,0.0,0.0,0.0,0.0,0.0,0.0
1161.8987139389164,0.0,0.0,0.0,0.0,0.0,0.0,0.0,0.0,0.0
1161.8987139389164,35.450500144074425,0.0,0.0,0.0,0.0,0.0,0.0,0.0,0.0
1161.8987139389164,0.0,0.0,0.0,0.0,0.0,0.0,0.0,0.0,0.0
1161.8987139389164,0.0,19.160760727021483,0.0,0.0,0.0,0.0,0.0,0.0,0.0
1161.8987139389164,0.0,0.0,0.0,0.0,0.0,0.0,0.0,0.0,0.0
1161.8987139389164,35.450500144074425,0.0,0.0,0.0,0.0,0.0,0.0,0.0,0.0
1161.8987139389164,0.0,0.0,0.0,0.0,0.0,0.0,0.0,0.0,0.0
1161.8987139389164,0.0,0.0,0.0,0.0,0.0,0.0,0.0,0.0,0.0
1161.8987139389164,0.0,19.160760727016907,0.0,0.0,0.0,0.0,0.0,364.7004376778832,0.0
1161.8987139389164,0.0,19.160760727021483,0.0,0.0,0.0,0.0,0.0,0.0,0.0
1161.8987139389164,0.0,0.0,0.0,0.0,0.0,0.0,0.0,0.0,0.0
1161.8987139389164,35.45050014239311,0.0,0.0,0.0,0.0,0.0,0.0,0.0,0.0
1161.8987139389164,0.0,0.0,0.0,0.0,0.0,0.0,0.0,0.0,0.0
1161.8987139389164,35.450500143190055,0.0,0.0,0.0,0.0,0.0,0.0,0.0,0.0
1161.8987139389164,35.45050014444618,0.0,0.0,0.0,0.0,0.0,0.0,0.0,0.0
1161.8987139389164,0.0,0.0,0.0,0.0,0.0,0.0,0.0,0.0,0.0
1161.8987139389164,0.0,0.0,0.0,0.0,0.0,0.0,0.0,0.0,0.0
1161.8987139389164,0.0,0.0,0.0,0.0,0.0,0.0,0.0,0.0,0.0
1161.8987139389164,35.450500143190055,0.0,0.0,0.0,0.0,0.0,0.0,0.0,0.0
1161.8987139389164,0.0,19.160760727013297,0.0,0.0,0.0,0.0,0.0,0.0,0.0
1161.8987139389164,0.0,0.0,0.0,0.0,0.0,0.0,0.0,0.0,0.0
1161.8987139389164,35.45050014434773,0.0,0.0,0.0,0.0,0.0,0.0,0.0,0.0
1161.8987139389164,35.45050014364833,0.0,0.0,0.0,0.0,0.0,0.0,0.0,0.0
1161.8987139389164,35.45050014364833,0.0,0.0,0.0,0.0,0.0,0.0,348.4106982612518,0.0
1161.8987139389164,35.450500144074425,0.0,0.0,0.0,0.0,0.0,0.0,0.0,0.0
1161.8987139389164,0.0,0.0,0.0,0.0,0.0,0.0,0.0,0.0,0.0
1161.8987139389164,35.450500143190055,0.0,0.0,0.0,0.0,0.0,0.0,0.0,0.0
1161.8987139389164,0.0,0.0,0.0,0.0,0.0,0.0,0.0,0.0,0.0
1161.8987139389164,0.0,19.160760727013297,0.0,0.0,0.0,0.0,0.0,0.0,0.0
1161.8987139389164,0.0,0.0,0.0,0.0,0.0,0.0,0.0,0.0,0.0
1161.8987139389164,0.0,0.0,0.0,0.0,0.0,0.0,0.0,0.0,0.0
1161.8987139389164,0.0,19.16076072701597,0.0,0.0,0.0,0.0,0.0,2.2794210963184014e-11,0.0
1161.8987139389164,0.0,0.0,0.0,0.0,0.0,0.0,0.0,0.0,0.0
1161.8987139389164,0.0,0.0,0.0,0.0,0.0,0.0,0.0,0.0,0.0
1161.8987139389164,0.0,0.0,0.0,0.0,0.0,0.0,0.0,0.0,0.0
1161.8987139389164,0.0,19.160760727021483,0.0,0.0,0.0,0.0,0.0,1.7280399333685637e-11,0.0
1161.8987139389164,0.0,0.0,0.0,0.0,0.0,0.0,0.0,0.0,0.0
1161.8987139389164,35.450500144074425,0.0,0.0,0.0,0.0,0.0,0.0,0.0,0.0
1161.8987139389164,0.0,0.0,0.0,0.0,0.0,0.0,0.0,0.0,0.0
1161.8987139389164,0.0,0.0,0.0,0.0,0.0,0.0,0.0,0.0,0.0
1161.8987139389164,0.0,0.0,3.530063565904129e-7,0.0,0.0,0.0,0.0,19.160760374032407,0.0
1161.8987139389164,35.45050014434773,0.0,0.0,0.0,0.0,0.0,0.0,0.0,0.0
1161.8987139389164,0.0,0.0,0.0,0.0,0.0,0.0,0.0,0.0,0.0
1161.8987139389164,35.45050014444618,0.0,0.0,0.0,0.0,0.0,0.0,0.0,0.0
1161.8987139389164,0.0,19.160760727016907,0.0,0.0,0.0,0.0,0.0,0.0,0.0
1161.8987139389164,0.0,0.0,0.0,0.0,0.0,0.0,0.0,0.0,0.0
1161.8987139389164,35.45050014444618,0.0,0.0,0.0,0.0,0.0,0.0,0.0,0.0
1161.8987139389164,0.0,0.0,0.0,0.0,0.0,0.0,0.0,0.0,0.0
1161.8987139389164,0.0,0.0,0.0,0.0,0.0,0.0,0.0,0.0,0.0
1161.8987139389164,35.45050014239311,0.0,0.0,0.0,0.0,0.0,0.0,0.0,0.0
1161.8987139389164,35.450500144074425,0.0,0.0,0.0,0.0,0.0,0.0,0.0,0.0
1161.8987139389164,0.0,0.0,0.0,0.0,0.0,0.0,0.0,0.0,0.0
1161.8987139389164,0.0,19.160760727021483,0.0,0.0,0.0,0.0,0.0,0.0,0.0
1161.8987139389164,0.0,0.0,0.0,0.0,0.0,0.0,0.0,0.0,0.0
1161.8987139389164,0.0,0.0,0.0,0.0,0.0,0.0,0.0,0.0,0.0
1161.8987139389164,0.0,0.0,0.0,0.0,0.0,0.0,0.0,0.0,0.0
1161.8987139389164,0.0,0.0,0.0,0.0,0.0,0.0,0.0,0.0,0.0
1161.8987139389164,35.45050014280119,0.0,0.0,0.0,0.0,0.0,0.0,0.0,0.0
1161.8987139389164,0.0,0.0,0.0,0.0,0.0,0.0,0.0,0.0,0.0
1161.8987139389164,35.45050014444618,0.0,0.0,0.0,0.0,0.0,0.0,0.0,0.0
1161.8987139389164,35.450500144074425,0.0,0.0,0.0,0.0,0.0,0.0,0.0,0.0
1161.8987139389164,35.45050014364833,0.0,0.0,0.0,0.0,0.0,0.0,0.0,0.0
1161.8987139389164,0.0,0.0,3.5133112419316603e-7,0.0,0.0,0.0,0.0,0.0,0.0
1161.8987139389164,0.0,0.0,3.5300544709571113e-7,0.0,0.0,0.0,0.0,0.0,0.0
1161.8987139389164,0.0,19.16076072702367,0.0,0.0,0.0,0.0,0.0,1.5091927707544528e-11,0.0
1161.8987139389164,35.450500144074425,0.0,0.0,0.0,0.0,0.0,0.0,0.0,0.0
1161.8987139389164,0.0,0.0,0.0,0.0,0.0,0.0,0.0,0.0,0.0
1161.8987139389164,0.0,0.0,0.0,0.0,0.0,0.0,0.0,0.0,0.0
1161.8987139389164,35.450500144074425,0.0,0.0,0.0,0.0,0.0,0.0,0.0,0.0
1161.8987139389164,0.0,0.0,0.0,0.0,0.0,0.0,0.0,0.0,0.0
1161.8987139389164,0.0,0.0,0.0,0.0,0.0,0.0,0.0,0.0,0.0
1161.8987139389164,35.45050014444618,0.0,0.0,0.0,0.0,0.0,0.0,0.0,0.0
1161.8987139389164,35.45050014364833,0.0,0.0,0.0,0.0,0.0,0.0,0.0,0.0
1161.8987139389164,35.450500143190055,0.0,0.0,0.0,0.0,0.0,0.0,0.0,0.0
1161.8987139389164,35.45050014364833,0.0,0.0,0.0,0.0,0.0,0.0,0.0,0.0
1161.8987139389164,0.0,19.16076072701597,0.0,0.0,0.0,0.0,0.0,0.0,0.0
1161.8987139389164,35.45050014364833,0.0,0.0,0.0,0.0,0.0,0.0,0.0,0.0
1161.8987139389164,35.45050014444618,0.0,0.0,0.0,0.0,0.0,0.0,0.0,0.0
1161.8987139389164,0.0,0.0,0.0,0.0,0.0,0.0,0.0,0.0,0.0
1161.8987139389164,0.0,0.0,0.0,0.0,0.0,0.0,0.0,0.0,0.0
1161.8987139389164,0.0,0.0,0.0,0.0,0.0,0.0,0.0,0.0,0.0
1161.8987139389164,35.45050014434773,0.0,0.0,0.0,0.0,0.0,0.0,0.0,0.0
1161.8987139389164,0.0,19.160760727021483,0.0,0.0,0.0,0.0,0.0,0.0,0.0
1161.8987139389164,0.0,0.0,0.0,0.0,0.0,0.0,0.0,0.0,0.0
1161.8987139389164,0.0,19.16076072701597,0.0,0.0,0.0,0.0,0.0,0.0,0.0
1161.8987139389164,0.0,19.16076072702367,0.0,0.0,0.0,0.0,0.0,0.0,0.0
1161.8987139389164,0.0,0.0,0.0,0.0,0.0,0.0,0.0,0.0,0.0
1161.8987139389164,0.0,0.0,0.0,0.0,0.0,0.0,0.0,0.0,0.0
1161.8987139389164,35.45050014444618,0.0,0.0,0.0,0.0,0.0,0.0,0.0,0.0
1161.8987139389164,0.0,0.0,0.0,0.0,0.0,0.0,0.0,0.0,0.0
1161.8987139389164,0.0,19.160760727021483,0.0,0.0,0.0,0.0,0.0,0.0,0.0
1161.8987139389164,35.450500144074425,0.0,0.0,0.0,0.0,0.0,0.0,0.0,0.0
1161.8987139389164,0.0,0.0,0.0,0.0,0.0,0.0,0.0,0.0,0.0
1161.8987139389164,0.0,0.0,0.0,0.0,0.0,0.0,0.0,0.0,0.0
1161.8987139389164,0.0,19.16076072701597,0.0,0.0,0.0,0.0,0.0,0.0,0.0
1161.8987139389164,35.45050014364833,0.0,0.0,0.0,0.0,0.0,0.0,0.0,0.0
1161.8987139389164,35.450500144074425,0.0,0.0,0.0,0.0,0.0,0.0,0.0,0.0
1161.8987139389164,0.0,19.160760727018783,0.0,0.0,0.0,0.0,0.0,0.0,0.0
1161.8987139389164,0.0,0.0,0.0,0.0,0.0,0.0,0.0,0.0,0.0
1161.8987139389164,0.0,0.0,0.0,0.0,0.0,0.0,0.0,0.0,0.0
1161.8987139389164,0.0,0.0,0.0,0.0,0.0,0.0,0.0,0.0,0.0
1161.8987139389164,0.0,19.16076072702367,0.0,0.0,0.0,0.0,0.0,0.0,0.0
1161.8987139389164,0.0,0.0,0.0,0.0,0.0,0.0,0.0,0.0,0.0
1161.8987139389164,0.0,0.0,0.0,0.0,0.0,0.0,0.0,0.0,0.0
1161.8987139389164,0.0,0.0,0.0,0.0,0.0,0.0,0.0,0.0,0.0
1161.8987139389164,0.0,0.0,3.506272037157032e-7,0.0,0.0,0.0,0.0,0.0,0.0
1161.8987139389164,35.450500144074425,0.0,0.0,0.0,0.0,0.0,0.0,0.0,0.0
1161.8987139389164,0.0,0.0,0.0,0.0,0.0,0.0,0.0,0.0,0.0
1161.8987139389164,35.450500144074425,0.0,0.0,0.0,0.0,0.0,0.0,348.4106982608257,0.0
1161.8987139389164,0.0,0.0,0.0,0.0,0.0,0.0,0.0,0.0,0.0
1161.8987139389164,0.0,0.0,0.0,0.0,0.0,0.0,0.0,0.0,0.0
1161.8987139389164,0.0,0.0,0.0,0.0,0.0,0.0,0.0,0.0,0.0
1161.8987139389164,0.0,0.0,0.0,0.0,0.0,0.0,0.0,0.0,0.0
1161.8987139389164,35.45050014444618,0.0,0.0,0.0,0.0,0.0,0.0,0.0,0.0
1161.8987139389164,35.450500144074425,0.0,0.0,0.0,0.0,0.0,0.0,0.0,0.0
1161.8987139389164,0.0,0.0,0.0,0.0,0.0,0.0,0.0,0.0,0.0
1161.8987139389164,35.45050014280119,0.0,0.0,0.0,0.0,0.0,0.0,0.0,0.0
1161.8987139389164,0.0,19.16076072702367,0.0,0.0,0.0,0.0,0.0,0.0,0.0
1161.8987139389164,35.45050014434773,0.0,0.0,0.0,0.0,0.0,0.0,0.0,0.0
1161.8987139389164,0.0,19.160760727021483,0.0,0.0,0.0,0.0,0.0,1.7280399333685637e-11,0.0
1161.8987139389164,0.0,0.0,0.0,0.0,0.0,0.0,0.0,0.0,0.0
1161.8987139389164,0.0,0.0,0.0,0.0,0.0,0.0,0.0,0.0,0.0
1161.8987139389164,0.0,0.0,0.0,0.0,0.0,0.0,0.0,0.0,0.0
1161.8987139389164,0.0,0.0,0.0,0.0,0.0,0.0,0.0,0.0,0.0
1161.8987139389164,35.450500144074425,0.0,0.0,0.0,0.0,0.0,0.0,0.0,0.0
1161.8987139389164,0.0,19.160760727021483,0.0,0.0,0.0,0.0,0.0,4.575341451643197,0.0
1161.8987139389164,0.0,0.0,0.0,0.0,0.0,0.0,0.0,0.0,0.0
1161.8987139389164,35.450500143190055,0.0,0.0,0.0,0.0,0.0,0.0,0.0,0.0
1161.8987139389164,0.0,19.16076072701597,0.0,0.0,0.0,0.0,0.0,2.2794210963184014e-11,0.0
1161.8987139389164,35.450500144074425,0.0,0.0,0.0,0.0,0.0,0.0,0.0,0.0
1161.8987139389164,35.45050014434773,0.0,0.0,0.0,0.0,0.0,0.0,0.0,0.0
1161.8987139389164,35.450500144074425,0.0,0.0,0.0,0.0,0.0,0.0,0.0,0.0
1161.8987139389164,35.450500143190055,0.0,0.0,0.0,0.0,0.0,0.0,0.0,0.0
1161.8987139389164,0.0,0.0,0.0,0.0,0.0,0.0,0.0,0.0,0.0
1161.8987139389164,0.0,0.0,0.0,0.0,0.0,0.0,0.0,0.0,0.0
1161.8987139389164,0.0,0.0,0.0,0.0,0.0,0.0,0.0,0.0,0.0
1161.8987139389164,0.0,0.0,0.0,0.0,0.0,0.0,0.0,3.5790876040664443e-7,0.0
1161.8987139389164,35.450500144074425,0.0,0.0,0.0,0.0,0.0,0.0,0.0,0.0
1161.8987139389164,0.0,0.0,0.0,0.0,0.0,0.0,0.0,0.0,0.0
1161.8987139389164,0.0,0.0,0.0,0.0,0.0,0.0,0.0,0.0,0.0
1161.8987139389164,0.0,0.0,0.0,0.0,0.0,0.0,0.0,0.0,0.0
1161.8987139389164,0.0,0.0,0.0,0.0,0.0,0.0,0.0,0.0,0.0
1161.8987139389164,0.0,0.0,0.0,0.0,0.0,0.0,0.0,0.0,0.0
1161.8987139389164,0.0,0.0,0.0,0.0,0.0,0.0,0.0,0.0,0.0
1161.8987139389164,0.0,0.0,3.530063565904129e-7,0.0,0.0,0.0,0.0,0.0,0.0
1161.8987139389164,0.0,0.0,0.0,0.0,0.0,0.0,0.0,0.0,0.0
1161.8987139389164,35.450500144074425,0.0,0.0,0.0,0.0,0.0,0.0,0.0,0.0
1161.8987139389164,35.450500144074425,0.0,0.0,0.0,0.0,0.0,0.0,0.0,0.0
1161.8987139389164,0.0,0.0,3.5133112419316603e-7,0.0,0.0,0.0,0.0,19.16076037570764,0.0
1161.8987139389164,0.0,0.0,0.0,0.0,0.0,0.0,0.0,23.73610217866468,0.0
1161.8987139389164,0.0,19.160760727024893,0.0,0.0,0.0,0.0,0.0,0.0,0.0
1161.8987139389164,0.0,0.0,3.524630471929413e-7,5.460151442093775e-9,0.0,0.0,0.0,-1.4438228390645236e-11,0.0
1161.8987139389164,35.450500144074425,0.0,0.0,0.0,0.0,0.0,0.0,0.0,0.0
1161.8987139389164,35.450500143190055,0.0,0.0,0.0,0.0,0.0,0.0,0.0,0.0
1161.8987139389164,35.45050014444618,0.0,0.0,0.0,0.0,0.0,0.0,0.0,0.0
1161.8987139389164,35.45050014444618,0.0,0.0,0.0,0.0,0.0,0.0,0.0,0.0
1161.8987139389164,0.0,0.0,0.0,0.0,0.0,0.0,0.0,0.0,0.0
1161.8987139389164,0.0,0.0,0.0,0.0,0.0,0.0,0.0,0.0,0.0
1161.8987139389164,35.450500144074425,0.0,0.0,0.0,0.0,0.0,0.0,0.0,0.0
1161.8987139389164,0.0,0.0,0.0,0.0,0.0,0.0,0.0,0.0,0.0
1161.8987139389164,35.45050014364833,0.0,0.0,0.0,0.0,0.0,0.0,0.0,0.0
1161.8987139389164,0.0,0.0,0.0,0.0,0.0,0.0,0.0,0.0,0.0
1161.8987139389164,0.0,19.160760727013297,0.0,0.0,0.0,0.0,0.0,0.0,0.0
1161.8987139389164,0.0,19.16076072701597,0.0,0.0,0.0,0.0,0.0,0.0,0.0
1161.8987139389164,0.0,19.16076072701597,0.0,0.0,0.0,0.0,0.0,0.0,0.0
1161.8987139389164,0.0,19.16076072701597,0.0,0.0,0.0,0.0,0.0,0.0,0.0
1161.8987139389164,0.0,0.0,0.0,0.0,0.0,0.0,0.0,0.0,0.0
1161.8987139389164,35.45050014434773,0.0,0.0,0.0,0.0,0.0,0.0,0.0,0.0
1161.8987139389164,0.0,0.0,0.0,0.0,0.0,0.0,0.0,23.73610217866468,0.0
1161.8987139389164,0.0,0.0,3.530063565904129e-7,0.0,0.0,0.0,0.0,19.160760374010835,0.0
1161.8987139389164,35.45050014280119,0.0,0.0,0.0,0.0,0.0,0.0,0.0,0.0
1161.8987139389164,0.0,0.0,0.0,0.0,0.0,0.0,0.0,0.0,0.0
1161.8987139389164,0.0,0.0,0.0,0.0,0.0,0.0,0.0,0.0,0.0
1161.8987139389164,0.0,19.160760727016907,0.0,0.0,0.0,0.0,0.0,0.0,0.0
1161.8987139389164,0.0,0.0,0.0,0.0,0.0,0.0,0.0,0.0,0.0
1161.8987139389164,0.0,0.0,0.0,0.0,0.0,0.0,0.0,0.0,0.0
1161.8987139389164,0.0,0.0,3.530063565904129e-7,0.0,0.0,0.0,0.0,0.0,0.0
1161.8987139389164,0.0,0.0,0.0,0.0,0.0,0.0,0.0,0.0,0.0
1161.8987139389164,0.0,0.0,0.0,0.0,0.0,0.0,0.0,0.0,0.0
1161.8987139389164,35.45050014364833,0.0,0.0,0.0,0.0,0.0,0.0,0.0,0.0
1161.8987139389164,0.0,0.0,0.0,0.0,0.0,0.0,0.0,0.0,0.0
1161.8987139389164,0.0,0.0,0.0,0.0,0.0,0.0,0.0,0.0,0.0
1161.8987139389164,0.0,0.0,0.0,0.0,0.0,0.0,0.0,23.73610217866468,0.0
1161.8987139389164,35.45050014444618,0.0,0.0,0.0,0.0,0.0,0.0,0.0,0.0
1161.8987139389164,35.450500144074425,0.0,0.0,0.0,0.0,0.0,0.0,0.0,0.0
1161.8987139389164,0.0,19.160760727013297,0.0,0.0,0.0,0.0,0.0,0.0,0.0
1161.8987139389164,35.450500144074425,0.0,0.0,0.0,0.0,0.0,0.0,0.0,0.0
1161.8987139389164,0.0,0.0,0.0,0.0,0.0,0.0,0.0,0.0,0.0
1161.8987139389164,35.450500144074425,0.0,0.0,0.0,0.0,0.0,0.0,0.0,0.0
1161.8987139389164,35.450500144074425,0.0,0.0,0.0,0.0,0.0,0.0,0.0,0.0
1161.8987139389164,0.0,0.0,0.0,0.0,0.0,0.0,0.0,0.0,0.0
1161.8987139389164,0.0,19.160760727021483,0.0,0.0,0.0,0.0,0.0,0.0,0.0
1161.8987139389164,0.0,0.0,0.0,0.0,0.0,0.0,0.0,0.0,0.0
1161.8987139389164,0.0,0.0,0.0,0.0,0.0,0.0,0.0,0.0,0.0
1161.8987139389164,0.0,0.0,0.0,0.0,0.0,0.0,0.0,0.0,0.0
1161.8987139389164,0.0,0.0,0.0,0.0,0.0,0.0,0.0,0.0,0.0
1161.8987139389164,0.0,0.0,0.0,0.0,0.0,0.0,0.0,19.160760727038763,0.0
1161.8987139389164,0.0,0.0,0.0,0.0,0.0,0.0,0.0,0.0,0.0
1161.8987139389164,35.450500144074425,0.0,0.0,0.0,0.0,0.0,0.0,0.0,0.0
1161.8987139389164,35.45050014434773,0.0,0.0,0.0,0.0,0.0,0.0,0.0,0.0
1161.8987139389164,0.0,0.0,0.0,0.0,0.0,0.0,0.0,0.0,0.0
1161.8987139389164,0.0,0.0,0.0,0.0,0.0,0.0,0.0,0.0,0.0
1161.8987139389164,0.0,0.0,0.0,0.0,0.0,0.0,0.0,0.0,0.0
1161.8987139389164,35.45050014364833,0.0,0.0,0.0,0.0,0.0,0.0,0.0,0.0
1161.8987139389164,0.0,19.160760727024893,0.0,0.0,0.0,0.0,0.0,1.3869794202037156e-11,0.0
1161.8987139389164,35.45050014444618,0.0,0.0,0.0,0.0,0.0,0.0,0.0,0.0
1161.8987139389164,0.0,19.160760727018783,0.0,0.0,0.0,0.0,0.0,0.0,0.0
1161.8987139389164,0.0,0.0,0.0,0.0,0.0,0.0,0.0,23.73610217866468,0.0
1161.8987139389164,0.0,0.0,0.0,0.0,0.0,0.0,0.0,0.0,0.0
1161.8987139389164,0.0,19.160760727024893,0.0,0.0,0.0,0.0,0.0,0.0,0.0
1161.8987139389164,0.0,19.160760727018783,0.0,0.0,0.0,0.0,0.0,4.5753414516458975,0.0
1161.8987139389164,0.0,19.16076072701597,0.0,0.0,0.0,0.0,0.0,1.2221335055073723e-12,0.0
1161.8987139389164,35.450500144074425,0.0,0.0,0.0,0.0,0.0,0.0,0.0,0.0
1161.8987139389164,0.0,0.0,0.0,0.0,0.0,0.0,0.0,0.0,0.0
1161.8987139389164,0.0,0.0,0.0,0.0,0.0,0.0,0.0,0.0,0.0
1161.8987139389164,35.450500144074425,0.0,0.0,0.0,0.0,0.0,0.0,0.0,0.0
1161.8987139389164,0.0,0.0,0.0,0.0,0.0,0.0,0.0,0.0,0.0
1161.8987139389164,0.0,0.0,4.398127438855511,0.0,0.0,0.0,0.0,19.33797473980917,0.0
1161.8987139389164,35.450500143190055,0.0,0.0,0.0,0.0,0.0,0.0,0.0,0.0
1161.8987139389164,0.0,0.0,0.0,0.0,0.0,0.0,0.0,0.0,0.0
1161.8987139389164,0.0,0.0,0.0,0.0,0.0,0.0,0.0,0.0,0.0
1161.8987139389164,0.0,0.0,0.0,0.0,0.0,0.0,0.0,0.0,0.0
1161.8987139389164,0.0,0.0,0.0,0.0,0.0,0.0,0.0,0.0,0.0
1161.8987139389164,0.0,19.160760727021483,0.0,0.0,0.0,0.0,0.0,0.0,0.0
1161.8987139389164,0.0,19.160760727021483,0.0,0.0,0.0,0.0,0.0,1.7280399333685637e-11,0.0
1161.8987139389164,0.0,0.0,3.5246338825345447e-7,0.0,0.0,0.0,0.0,0.0,0.0
1161.8987139389164,35.450500144074425,0.0,0.0,0.0,0.0,0.0,0.0,0.0,0.0
1161.8987139389164,0.0,0.0,0.0,0.0,0.0,0.0,0.0,0.0,0.0
1161.8987139389164,35.45050014434773,0.0,0.0,0.0,0.0,0.0,0.0,348.4106982605524,0.0
1161.8987139389164,0.0,19.160760727018783,0.0,0.0,0.0,0.0,0.0,4.5753414516458975,0.0
1161.8987139389164,0.0,0.0,0.0,0.0,0.0,0.0,0.0,19.160760727038763,0.0
1161.8987139389164,35.450500144074425,0.0,0.0,0.0,0.0,0.0,0.0,0.0,0.0
1161.8987139389164,0.0,0.0,0.0,0.0,0.0,0.0,0.0,0.0,0.0
1161.8987139389164,0.0,0.0,0.0,0.0,0.0,0.0,0.0,0.0,0.0
1161.8987139389164,0.0,19.160760727021483,0.0,0.0,0.0,0.0,0.0,0.0,0.0
1161.8987139389164,0.0,0.0,4.398127438855511,0.0,0.0,0.0,0.0,19.33797473980917,0.0
1161.8987139389164,35.45050014444618,0.0,0.0,0.0,0.0,0.0,0.0,0.0,0.0
1161.8987139389164,0.0,0.0,0.0,0.0,0.0,0.0,0.0,0.0,0.0
1161.8987139389164,35.45050014364833,0.0,0.0,0.0,0.0,0.0,0.0,0.0,0.0
1161.8987139389164,0.0,0.0,0.0,0.0,0.0,0.0,0.0,0.0,0.0
1161.8987139389164,0.0,0.0,0.0,0.0,0.0,0.0,0.0,0.0,0.0
1161.8987139389164,35.45050014364833,0.0,0.0,0.0,0.0,0.0,0.0,0.0,0.0
1161.8987139389164,35.45050014280119,0.0,0.0,0.0,0.0,0.0,0.0,0.0,0.0
1161.8987139389164,0.0,0.0,0.0,0.0,0.0,0.0,0.0,0.0,0.0
1161.8987139389164,0.0,0.0,0.0,0.0,0.0,0.0,0.0,0.0,0.0
1161.8987139389164,0.0,0.0,0.0,0.0,0.0,0.0,0.0,0.0,0.0
1161.8987139389164,35.450500144074425,0.0,0.0,0.0,0.0,0.0,0.0,0.0,0.0
1161.8987139389164,35.45050014364833,0.0,0.0,0.0,0.0,0.0,0.0,0.0,0.0
1161.8987139389164,35.45050014434773,0.0,0.0,0.0,0.0,0.0,0.0,0.0,0.0
1161.8987139389164,35.450500144074425,0.0,0.0,0.0,0.0,0.0,0.0,0.0,0.0
1161.8987139389164,35.45050014364833,0.0,0.0,0.0,0.0,0.0,0.0,0.0,0.0
1161.8987139389164,0.0,19.160760727024893,0.0,0.0,0.0,0.0,0.0,0.0,0.0
1161.8987139389164,0.0,19.160760727013297,0.0,0.0,0.0,0.0,0.0,0.0,0.0
1161.8987139389164,35.45050014434773,0.0,0.0,0.0,0.0,0.0,0.0,0.0,0.0
1161.8987139389164,0.0,0.0,0.0,0.0,0.0,0.0,0.0,0.0,0.0
1161.8987139389164,0.0,0.0,0.0,0.0,0.0,0.0,0.0,0.0,0.0
1161.8987139389164,35.45050014444618,0.0,0.0,0.0,0.0,0.0,0.0,0.0,0.0
1161.8987139389164,0.0,0.0,0.0,0.0,0.0,0.0,0.0,0.0,0.0
1161.8987139389164,0.0,0.0,0.0,0.0,0.0,0.0,0.0,23.73610217866468,0.0
1161.8987139389164,0.0,0.0,0.0,0.0,0.0,0.0,0.0,0.0,0.0
1161.8987139389164,35.450500143190055,0.0,0.0,0.0,0.0,0.0,0.0,0.0,0.0
1161.8987139389164,0.0,19.160760727016907,0.0,0.0,0.0,0.0,0.0,0.0,0.0
1161.8987139389164,0.0,0.0,0.0,0.0,0.0,0.0,0.0,0.0,0.0
1161.8987139389164,35.45050014364833,0.0,0.0,0.0,0.0,0.0,0.0,0.0,0.0
1161.8987139389164,0.0,0.0,0.0,0.0,0.0,0.0,0.0,0.0,0.0
1161.8987139389164,0.0,0.0,0.0,0.0,0.0,0.0,0.0,0.0,0.0
1161.8987139389164,35.45050014364833,0.0,0.0,0.0,0.0,0.0,0.0,0.0,0.0
1161.8987139389164,0.0,0.0,0.0,0.0,0.0,0.0,0.0,0.0,0.0
1161.8987139389164,0.0,0.0,0.0,0.0,0.0,0.0,0.0,0.0,0.0
1161.8987139389164,0.0,0.0,0.0,0.0,0.0,0.0,0.0,0.0,0.0
1161.8987139389164,35.450500144074425,0.0,0.0,0.0,0.0,0.0,0.0,0.0,0.0
1161.8987139389164,0.0,0.0,0.0,0.0,0.0,0.0,0.0,0.0,0.0
1161.8987139389164,0.0,0.0,0.0,0.0,0.0,0.0,0.0,0.0,0.0
1161.8987139389164,0.0,0.0,0.0,0.0,0.0,0.0,0.0,0.0,0.0
1161.8987139389164,0.0,0.0,0.0,0.0,0.0,0.0,0.0,0.0,0.0
1161.8987139389164,0.0,0.0,0.0,0.0,0.0,0.0,0.0,0.0,0.0
1161.8987139389164,0.0,0.0,0.0,0.0,0.0,0.0,0.0,0.0,0.0
1161.8987139389164,35.45050014364833,0.0,0.0,0.0,0.0,0.0,0.0,0.0,0.0
1161.8987139389164,0.0,0.0,0.0,0.0,0.0,0.0,0.0,0.0,0.0
1161.8987139389164,0.0,0.0,3.513312947234226e-7,0.0,0.0,0.0,0.0,19.16076037570747,0.0
1161.8987139389164,35.45050014434773,0.0,0.0,0.0,0.0,0.0,0.0,0.0,0.0
1161.8987139389164,0.0,0.0,4.398127438855511,0.0,0.0,0.0,0.0,0.0,0.0
1161.8987139389164,35.45050014239311,0.0,0.0,0.0,0.0,0.0,0.0,0.0,0.0
1161.8987139389164,0.0,0.0,0.0,0.0,0.0,0.0,0.0,0.0,0.0
1161.8987139389164,0.0,0.0,0.0,0.0,0.0,0.0,0.0,0.0,0.0
1161.8987139389164,35.450500144074425,0.0,0.0,0.0,0.0,0.0,0.0,0.0,0.0
1161.8987139389164,0.0,0.0,0.0,0.0,0.0,0.0,0.0,23.73610217866468,0.0
1161.8987139389164,0.0,0.0,0.0,0.0,0.0,0.0,0.0,0.0,0.0
1161.8987139389164,0.0,19.160760727013297,0.0,0.0,0.0,0.0,0.0,3.893774191965349e-12,0.0
1161.8987139389164,0.0,0.0,0.0,0.0,0.0,0.0,0.0,0.0,0.0
1161.8987139389164,0.0,0.0,0.0,0.0,0.0,0.0,0.0,0.0,0.0
1161.8987139389164,0.0,0.0,3.530063565904129e-7,0.0,0.0,0.0,0.0,0.0,0.0
1161.8987139389164,0.0,0.0,0.0,0.0,0.0,0.0,0.0,0.0,0.0
1161.8987139389164,35.450500143190055,0.0,0.0,0.0,0.0,0.0,0.0,0.0,0.0
1161.8987139389164,0.0,0.0,0.0,0.0,0.0,0.0,0.0,0.0,0.0
1161.8987139389164,0.0,0.0,0.0,0.0,0.0,0.0,0.0,23.73610217866468,0.0
1161.8987139389164,0.0,0.0,0.0,0.0,0.0,0.0,0.0,0.0,0.0
1161.8987139389164,0.0,0.0,4.398127438855511,0.0,0.0,0.0,0.0,0.0,0.0
1161.8987139389164,0.0,0.0,0.0,0.0,0.0,0.0,0.0,23.73610217866468,0.0
1161.8987139389164,0.0,19.160760727013297,0.0,0.0,0.0,0.0,0.0,3.893774191965349e-12,0.0
1161.8987139389164,0.0,0.0,0.0,0.0,0.0,0.0,0.0,0.0,0.0
1161.8987139389164,0.0,19.160760727021483,0.0,0.0,0.0,0.0,0.0,0.0,0.0
1161.8987139389164,0.0,0.0,0.0,0.0,0.0,0.0,0.0,0.0,0.0
1161.8987139389164,0.0,0.0,0.0,0.0,0.0,0.0,0.0,0.0,0.0
1161.8987139389164,0.0,19.160760727013297,0.0,0.0,0.0,0.0,0.0,0.0,0.0
1161.8987139389164,35.45050014364833,0.0,0.0,0.0,0.0,0.0,0.0,0.0,0.0
1161.8987139389164,0.0,19.160760727021483,0.0,0.0,0.0,0.0,0.0,0.0,0.0
1161.8987139389164,0.0,0.0,0.0,0.0,0.0,0.0,0.0,0.0,0.0
1161.8987139389164,0.0,0.0,3.5246338825345447e-7,0.0,0.0,0.0,0.0,5.445372153189965e-9,0.0
1161.8987139389164,35.45050014280119,0.0,0.0,0.0,0.0,0.0,0.0,0.0,0.0
1161.8987139389164,0.0,19.160760727013297,0.0,0.0,0.0,0.0,0.0,0.0,0.0
1161.8987139389164,0.0,0.0,0.0,0.0,0.0,0.0,0.0,0.0,0.0
1161.8987139389164,35.45050014434773,0.0,0.0,0.0,0.0,0.0,0.0,0.0,0.0
1161.8987139389164,35.45050014434773,0.0,0.0,0.0,0.0,0.0,0.0,0.0,0.0
1161.8987139389164,0.0,19.160760727013297,0.0,0.0,0.0,0.0,0.0,0.0,0.0
1161.8987139389164,35.45050014444618,0.0,0.0,0.0,0.0,0.0,0.0,0.0,0.0
1161.8987139389164,0.0,19.160760727021483,0.0,0.0,0.0,0.0,0.0,0.0,0.0
1161.8987139389164,0.0,0.0,0.0,0.0,0.0,0.0,0.0,0.0,0.0
1161.8987139389164,0.0,0.0,0.0,0.0,0.0,0.0,0.0,0.0,0.0
1161.8987139389164,0.0,0.0,0.0,0.0,0.0,0.0,0.0,0.0,0.0
1161.8987139389164,0.0,19.160760727013297,0.0,0.0,0.0,0.0,0.0,0.0,0.0
1161.8987139389164,0.0,0.0,3.506272037157032e-7,0.0,0.0,0.0,0.0,0.0,0.0
1161.8987139389164,35.450500144074425,0.0,0.0,0.0,0.0,0.0,0.0,0.0,0.0
1161.8987139389164,0.0,19.160760727024893,0.0,0.0,0.0,0.0,0.0,1.3869794202037156e-11,0.0
1161.8987139389164,0.0,0.0,0.0,0.0,0.0,0.0,0.0,0.0,0.0
1161.8987139389164,0.0,19.16076072702367,0.0,0.0,0.0,0.0,0.0,0.0,0.0
1161.8987139389164,0.0,0.0,0.0,0.0,0.0,0.0,0.0,0.0,0.0
1161.8987139389164,0.0,0.0,0.0,0.0,0.0,0.0,0.0,0.0,0.0
1161.8987139389164,0.0,19.160760727021483,0.0,0.0,0.0,0.0,0.0,0.0,0.0
1161.8987139389164,0.0,0.0,0.0,0.0,0.0,0.0,0.0,0.0,0.0
1161.8987139389164,35.45050014444618,0.0,0.0,0.0,0.0,0.0,0.0,0.0,0.0
1161.8987139389164,0.0,0.0,3.513312947234226e-7,0.0,0.0,0.0,0.0,19.160760375685896,0.0
1161.8987139389164,0.0,0.0,0.0,0.0,0.0,0.0,0.0,0.0,0.0
1161.8987139389164,0.0,19.16076072702367,0.0,0.0,0.0,0.0,0.0,364.7004376778765,0.0
1161.8987139389164,0.0,0.0,0.0,0.0,0.0,0.0,0.0,0.0,0.0
1161.8987139389164,0.0,19.160760727018783,0.0,0.0,0.0,0.0,0.0,1.9980461729574017e-11,0.0
1161.8987139389164,0.0,0.0,0.0,0.0,0.0,0.0,0.0,0.0,0.0
1161.8987139389164,0.0,0.0,0.0,0.0,0.0,0.0,0.0,0.0,0.0
1161.8987139389164,0.0,19.160760727013297,0.0,0.0,0.0,0.0,0.0,0.0,0.0
1161.8987139389164,0.0,0.0,0.0,0.0,0.0,0.0,0.0,0.0,0.0
1161.8987139389164,0.0,0.0,0.0,0.0,0.0,0.0,0.0,0.0,0.0
1161.8987139389164,0.0,0.0,0.0,0.0,0.0,0.0,0.0,0.0,0.0
1161.8987139389164,0.0,0.0,0.0,0.0,0.0,0.0,0.0,0.0,0.0
1161.8987139389164,0.0,19.160760727018783,0.0,0.0,0.0,0.0,0.0,0.0,0.0
1161.8987139389164,0.0,0.0,0.0,0.0,0.0,0.0,0.0,0.0,0.0
1161.8987139389164,35.45050014434773,0.0,0.0,0.0,0.0,0.0,0.0,0.0,0.0
1161.8987139389164,35.45050014364833,0.0,0.0,0.0,0.0,0.0,0.0,0.0,0.0
1161.8987139389164,0.0,0.0,0.0,0.0,0.0,0.0,0.0,0.0,0.0
1161.8987139389164,35.45050014364833,0.0,0.0,0.0,0.0,0.0,0.0,0.0,0.0
1161.8987139389164,0.0,0.0,0.0,0.0,0.0,0.0,0.0,0.0,0.0
1161.8987139389164,0.0,0.0,0.0,0.0,0.0,0.0,0.0,0.0,0.0
1161.8987139389164,35.450500144074425,0.0,0.0,0.0,0.0,0.0,0.0,348.4106982608257,0.0
1161.8987139389164,35.45050014434773,0.0,0.0,0.0,0.0,0.0,0.0,0.0,0.0
1161.8987139389164,0.0,0.0,0.0,0.0,0.0,0.0,0.0,0.0,0.0
1161.8987139389164,0.0,0.0,0.0,0.0,0.0,0.0,0.0,0.0,0.0
1161.8987139389164,0.0,19.16076072701597,0.0,0.0,0.0,0.0,0.0,0.0,0.0
1161.8987139389164,0.0,0.0,0.0,0.0,0.0,0.0,0.0,0.0,0.0
1161.8987139389164,0.0,0.0,4.398127438855511,0.0,0.0,0.0,0.0,0.0,0.0
1161.8987139389164,35.45050014434773,0.0,0.0,0.0,0.0,0.0,0.0,0.0,0.0
1161.8987139389164,0.0,19.160760727021483,0.0,0.0,0.0,0.0,0.0,0.0,0.0
1161.8987139389164,35.450500144074425,0.0,0.0,0.0,0.0,0.0,0.0,0.0,0.0
1161.8987139389164,0.0,0.0,0.0,0.0,0.0,0.0,0.0,0.0,0.0
1161.8987139389164,0.0,0.0,0.0,0.0,0.0,0.0,0.0,0.0,0.0
1161.8987139389164,0.0,0.0,0.0,0.0,0.0,0.0,0.0,0.0,0.0
1161.8987139389164,35.45050014434773,0.0,0.0,0.0,0.0,0.0,0.0,0.0,0.0
1161.8987139389164,0.0,0.0,0.0,0.0,0.0,0.0,0.0,0.0,0.0
1161.8987139389164,35.45050014434773,0.0,0.0,0.0,0.0,0.0,0.0,0.0,0.0
1161.8987139389164,35.45050014444618,0.0,0.0,0.0,0.0,0.0,0.0,0.0,0.0
1161.8987139389164,35.45050014434773,0.0,0.0,0.0,0.0,0.0,0.0,0.0,0.0
1161.8987139389164,0.0,0.0,0.0,0.0,0.0,0.0,0.0,0.0,0.0
1161.8987139389164,35.45050014364833,0.0,0.0,0.0,0.0,0.0,0.0,0.0,0.0
1161.8987139389164,0.0,0.0,0.0,0.0,0.0,0.0,0.0,0.0,0.0
1161.8987139389164,0.0,0.0,3.5133112419316603e-7,0.0,0.0,0.0,0.0,0.0,0.0
1161.8987139389164,0.0,0.0,0.0,0.0,0.0,0.0,0.0,0.0,0.0
1161.8987139389164,0.0,0.0,0.0,0.0,0.0,0.0,0.0,0.0,0.0
1161.8987139389164,0.0,0.0,0.0,0.0,0.0,0.0,0.0,0.0,0.0
1161.8987139389164,35.45050014444618,0.0,0.0,0.0,0.0,0.0,0.0,0.0,0.0
1161.8987139389164,0.0,19.160760727024893,0.0,0.0,0.0,0.0,0.0,0.0,0.0
1161.8987139389164,0.0,0.0,0.0,0.0,0.0,0.0,0.0,0.0,0.0
1161.8987139389164,0.0,0.0,0.0,0.0,0.0,0.0,0.0,0.0,0.0
1161.8987139389164,35.450500143190055,0.0,0.0,0.0,0.0,0.0,0.0,0.0,0.0
1161.8987139389164,0.0,0.0,0.0,0.0,0.0,0.0,0.0,0.0,0.0
1161.8987139389164,0.0,0.0,0.0,0.0,0.0,0.0,0.0,0.0,0.0
1161.8987139389164,0.0,0.0,0.0,0.0,0.0,0.0,0.0,0.0,0.0
1161.8987139389164,0.0,0.0,0.0,0.0,0.0,0.0,0.0,19.160760727038763,0.0
1161.8987139389164,35.450500143190055,0.0,0.0,0.0,0.0,0.0,0.0,0.0,0.0
1161.8987139389164,0.0,0.0,0.0,0.0,0.0,0.0,0.0,0.0,0.0
1161.8987139389164,35.450500144074425,0.0,0.0,0.0,0.0,0.0,0.0,0.0,0.0
1161.8987139389164,0.0,0.0,0.0,0.0,0.0,0.0,0.0,0.0,0.0
1161.8987139389164,0.0,0.0,3.513312947234226e-7,0.0,0.0,0.0,0.0,19.16076037570747,0.0
1161.8987139389164,0.0,0.0,3.513312947234226e-7,0.0,0.0,0.0,0.0,19.16076037570747,0.0
1161.8987139389164,0.0,0.0,0.0,0.0,0.0,0.0,0.0,0.0,0.0
1161.8987139389164,0.0,0.0,3.530063565904129e-7,0.0,0.0,0.0,0.0,0.0,0.0
1161.8987139389164,0.0,0.0,3.539512363204267e-7,0.0,0.0,0.0,0.0,0.0,0.0
1161.8987139389164,35.450500144074425,0.0,0.0,0.0,0.0,0.0,0.0,0.0,0.0
1161.8987139389164,0.0,0.0,0.0,0.0,0.0,0.0,0.0,0.0,0.0
1161.8987139389164,35.450500144074425,0.0,0.0,0.0,0.0,0.0,0.0,348.4106982608257,0.0
1161.8987139389164,0.0,0.0,3.5300544709571113e-7,0.0,0.0,0.0,0.0,0.0,0.0
1161.8987139389164,0.0,0.0,0.0,0.0,0.0,0.0,0.0,0.0,0.0
1161.8987139389164,0.0,0.0,0.0,0.0,0.0,0.0,0.0,23.73610217866468,0.0
1161.8987139389164,0.0,0.0,3.506270900288655e-7,0.0,0.0,0.0,0.0,23.73610182803759,0.0
1161.8987139389164,35.45050014434773,0.0,0.0,0.0,0.0,0.0,0.0,0.0,0.0
1161.8987139389164,0.0,0.0,4.398127438855511,0.0,0.0,0.0,0.0,0.0,0.0
1161.8987139389164,0.0,0.0,4.398127438855511,0.0,0.0,0.0,0.0,19.33797473980917,0.0
1161.8987139389164,0.0,0.0,0.0,0.0,0.0,0.0,0.0,0.0,0.0
1161.8987139389164,0.0,0.0,0.0,0.0,0.0,0.0,0.0,0.0,0.0
1161.8987139389164,0.0,0.0,0.0,0.0,0.0,0.0,0.0,0.0,0.0
1161.8987139389164,0.0,0.0,0.0,0.0,0.0,0.0,0.0,0.0,0.0
1161.8987139389164,35.450500144074425,0.0,0.0,0.0,0.0,0.0,0.0,90.64311433165022,0.0
1161.8987139389164,0.0,0.0,0.0,0.0,0.0,0.0,0.0,0.0,0.0
1161.8987139389164,0.0,0.0,0.0,0.0,0.0,0.0,0.0,0.0,0.0
1161.8987139389164,0.0,19.16076072702367,0.0,0.0,0.0,0.0,0.0,0.0,0.0
1161.8987139389164,0.0,0.0,0.0,0.0,0.0,0.0,0.0,0.0,0.0
1161.8987139389164,0.0,0.0,0.0,0.0,0.0,0.0,0.0,0.0,0.0
1161.8987139389164,0.0,0.0,0.0,0.0,0.0,0.0,0.0,0.0,0.0
1161.8987139389164,35.45050014364833,0.0,0.0,0.0,0.0,0.0,0.0,0.0,0.0
1161.8987139389164,0.0,0.0,0.0,0.0,0.0,0.0,0.0,19.16076072701719,0.0
1161.8987139389164,0.0,19.160760727021483,0.0,0.0,0.0,0.0,0.0,0.0,0.0
1161.8987139389164,0.0,0.0,0.0,0.0,0.0,0.0,0.0,0.0,0.0
1161.8987139389164,0.0,0.0,0.0,0.0,0.0,0.0,0.0,0.0,0.0
1161.8987139389164,0.0,0.0,0.0,0.0,0.0,0.0,0.0,0.0,0.0
1161.8987139389164,35.45050014444618,0.0,0.0,0.0,0.0,0.0,0.0,0.0,0.0
1161.8987139389164,35.45050014444618,0.0,0.0,0.0,0.0,0.0,0.0,0.0,0.0
1161.8987139389164,35.45050014434773,0.0,0.0,0.0,0.0,0.0,0.0,0.0,0.0
1161.8987139389164,35.450500143190055,0.0,0.0,0.0,0.0,0.0,0.0,0.0,0.0
1161.8987139389164,0.0,0.0,0.0,0.0,0.0,0.0,0.0,0.0,0.0
1161.8987139389164,0.0,0.0,0.0,0.0,0.0,0.0,0.0,0.0,0.0
1161.8987139389164,35.450500144074425,0.0,0.0,0.0,0.0,0.0,0.0,0.0,0.0
1161.8987139389164,0.0,19.16076072702367,0.0,0.0,0.0,0.0,0.0,0.0,0.0
1161.8987139389164,0.0,19.160760727013297,0.0,0.0,0.0,0.0,0.0,0.0,0.0
1161.8987139389164,35.45050014434773,0.0,0.0,0.0,0.0,0.0,0.0,0.0,0.0
1161.8987139389164,0.0,0.0,0.0,0.0,0.0,0.0,0.0,0.0,0.0
1161.8987139389164,0.0,19.160760727013297,0.0,0.0,0.0,0.0,0.0,2.546585164964199e-11,0.0
1161.8987139389164,35.45050014434773,0.0,0.0,0.0,0.0,0.0,0.0,0.0,0.0
1161.8987139389164,0.0,0.0,0.0,0.0,0.0,0.0,0.0,0.0,0.0
1161.8987139389164,0.0,0.0,0.0,0.0,0.0,0.0,0.0,0.0,0.0
1161.8987139389164,35.450500144074425,0.0,0.0,0.0,0.0,0.0,0.0,0.0,0.0
1161.8987139389164,35.45050014434773,0.0,0.0,0.0,0.0,0.0,0.0,0.0,0.0
1161.8987139389164,0.0,0.0,0.0,0.0,0.0,0.0,0.0,0.0,0.0
1161.8987139389164,0.0,0.0,3.5212011084695405e-7,0.0,0.0,0.0,0.0,0.0,0.0
1161.8987139389164,0.0,0.0,0.0,0.0,0.0,0.0,0.0,19.160760727038763,0.0
1161.8987139389164,0.0,0.0,0.0,0.0,0.0,0.0,0.0,0.0,0.0
1161.8987139389164,0.0,19.160760727018783,0.0,0.0,0.0,0.0,0.0,0.0,0.0
1161.8987139389164,0.0,0.0,0.0,0.0,0.0,0.0,0.0,23.73610217866468,0.0
1161.8987139389164,35.450500144074425,0.0,0.0,0.0,0.0,0.0,0.0,0.0,0.0
1161.8987139389164,0.0,0.0,0.0,0.0,0.0,0.0,0.0,0.0,0.0
1161.8987139389164,0.0,0.0,0.0,0.0,0.0,0.0,0.0,0.0,0.0
1161.8987139389164,0.0,19.160760727013297,0.0,0.0,0.0,0.0,0.0,364.70043767788684,0.0
1161.8987139389164,0.0,19.160760727016907,0.0,0.0,0.0,0.0,0.0,2.1856294551980682e-11,0.0
1161.8987139389164,0.0,0.0,0.0,0.0,0.0,0.0,0.0,0.0,0.0
1161.8987139389164,0.0,0.0,0.0,0.0,0.0,0.0,0.0,0.0,0.0
1161.8987139389164,0.0,0.0,0.0,0.0,0.0,0.0,0.0,0.0,0.0
1161.8987139389164,0.0,19.160760727013297,0.0,0.0,0.0,0.0,0.0,0.0,0.0
1161.8987139389164,35.45050014364833,0.0,0.0,0.0,0.0,0.0,0.0,0.0,0.0
1161.8987139389164,0.0,0.0,0.0,0.0,0.0,0.0,0.0,0.0,0.0
1161.8987139389164,0.0,0.0,0.0,0.0,0.0,0.0,0.0,0.0,0.0
1161.8987139389164,0.0,0.0,0.0,0.0,0.0,0.0,0.0,0.0,0.0
1161.8987139389164,0.0,19.160760727016907,0.0,0.0,0.0,0.0,0.0,0.0,0.0
1161.8987139389164,35.45050014444618,0.0,0.0,0.0,0.0,0.0,0.0,0.0,0.0
1161.8987139389164,35.45050014434773,0.0,0.0,0.0,0.0,0.0,0.0,0.0,0.0
1161.8987139389164,35.45050014364833,0.0,0.0,0.0,0.0,0.0,0.0,0.0,0.0
1161.8987139389164,0.0,0.0,4.398127438855511,0.0,0.0,0.0,0.0,14.762633288183252,0.0
1161.8987139389164,0.0,0.0,0.0,0.0,0.0,0.0,0.0,0.0,0.0
1161.8987139389164,0.0,0.0,0.0,0.0,0.0,0.0,0.0,0.0,0.0
1161.8987139389164,0.0,19.160760727013297,0.0,0.0,0.0,0.0,0.0,0.0,0.0
1161.8987139389164,35.45050014444618,0.0,0.0,0.0,0.0,0.0,0.0,0.0,0.0
1161.8987139389164,35.450500144074425,0.0,0.0,0.0,0.0,0.0,0.0,0.0,0.0
1161.8987139389164,0.0,0.0,0.0,0.0,0.0,0.0,0.0,0.0,0.0
1161.8987139389164,0.0,0.0,0.0,0.0,0.0,0.0,0.0,0.0,0.0
1161.8987139389164,0.0,0.0,3.506272037157032e-7,0.0,0.0,0.0,0.0,0.0,0.0
1161.8987139389164,35.45050014364833,0.0,0.0,0.0,0.0,0.0,0.0,0.0,0.0
1161.8987139389164,0.0,19.160760727018783,0.0,0.0,0.0,0.0,0.0,0.0,0.0
1161.8987139389164,0.0,0.0,0.0,0.0,0.0,0.0,0.0,0.0,0.0
1161.8987139389164,35.45050014434773,0.0,0.0,0.0,0.0,0.0,0.0,0.0,0.0
1161.8987139389164,0.0,0.0,0.0,0.0,0.0,0.0,0.0,0.0,0.0
1161.8987139389164,0.0,19.160760727021483,0.0,0.0,0.0,0.0,0.0,4.575341451643197,0.0
1161.8987139389164,0.0,19.160760727013297,0.0,0.0,0.0,0.0,0.0,0.0,0.0
1161.8987139389164,0.0,0.0,0.0,0.0,0.0,0.0,0.0,19.160760727038763,0.0
1161.8987139389164,0.0,0.0,0.0,0.0,0.0,0.0,0.0,0.0,0.0
1161.8987139389164,0.0,19.16076072702367,0.0,0.0,0.0,0.0,0.0,4.575341451641009,0.0
1161.8987139389164,0.0,0.0,0.0,0.0,0.0,0.0,0.0,0.0,0.0
1161.8987139389164,0.0,0.0,0.0,0.0,0.0,0.0,0.0,19.160760727038763,0.0
1161.8987139389164,0.0,0.0,0.0,0.0,0.0,0.0,0.0,0.0,0.0
1161.8987139389164,0.0,0.0,0.0,0.0,0.0,0.0,0.0,0.0,0.0
1161.8987139389164,35.450500144074425,0.0,0.0,0.0,0.0,0.0,0.0,0.0,0.0
1161.8987139389164,0.0,19.16076072702367,0.0,0.0,0.0,0.0,0.0,0.0,0.0
1161.8987139389164,0.0,0.0,0.0,0.0,0.0,0.0,0.0,0.0,0.0
1161.8987139389164,0.0,0.0,0.0,0.0,0.0,0.0,0.0,0.0,0.0
1161.8987139389164,0.0,0.0,0.0,0.0,0.0,0.0,0.0,0.0,0.0
1161.8987139389164,35.45050014364833,0.0,0.0,0.0,0.0,0.0,0.0,0.0,0.0
1161.8987139389164,0.0,0.0,0.0,0.0,0.0,0.0,0.0,0.0,0.0
1161.8987139389164,35.450500143190055,0.0,0.0,0.0,0.0,0.0,0.0,0.0,0.0
1161.8987139389164,0.0,0.0,0.0,0.0,0.0,0.0,0.0,0.0,0.0
1161.8987139389164,35.45050014444618,0.0,0.0,0.0,0.0,0.0,0.0,0.0,0.0
1161.8987139389164,35.45050014364833,0.0,0.0,0.0,0.0,0.0,0.0,0.0,0.0
1161.8987139389164,0.0,0.0,0.0,0.0,0.0,0.0,0.0,0.0,0.0
1161.8987139389164,0.0,0.0,0.0,0.0,0.0,0.0,0.0,0.0,0.0
1161.8987139389164,35.450500144074425,0.0,0.0,0.0,0.0,0.0,0.0,0.0,0.0
1161.8987139389164,35.450500144074425,0.0,0.0,0.0,0.0,0.0,0.0,0.0,0.0
1161.8987139389164,0.0,0.0,0.0,0.0,0.0,0.0,0.0,0.0,0.0
1161.8987139389164,0.0,0.0,0.0,0.0,0.0,0.0,0.0,23.73610217866468,0.0
1161.8987139389164,0.0,19.160760727013297,0.0,0.0,0.0,0.0,0.0,0.0,0.0
1161.8987139389164,0.0,0.0,0.0,0.0,0.0,0.0,0.0,0.0,0.0
1161.8987139389164,0.0,0.0,0.0,0.0,0.0,0.0,0.0,0.0,0.0
1161.8987139389164,0.0,19.16076072702367,0.0,0.0,0.0,0.0,0.0,0.0,0.0
1161.8987139389164,0.0,19.16076072702367,0.0,0.0,0.0,0.0,0.0,0.0,0.0
1161.8987139389164,0.0,0.0,0.0,0.0,0.0,0.0,0.0,0.0,0.0
1161.8987139389164,0.0,19.16076072701597,0.0,0.0,0.0,0.0,0.0,0.0,0.0
1161.8987139389164,0.0,0.0,0.0,0.0,0.0,0.0,0.0,0.0,0.0
1161.8987139389164,35.45050014364833,0.0,0.0,0.0,0.0,0.0,0.0,0.0,0.0
1161.8987139389164,35.45050014434773,0.0,0.0,0.0,0.0,0.0,0.0,0.0,0.0
1161.8987139389164,35.45050014444618,0.0,0.0,0.0,0.0,0.0,0.0,0.0,0.0
1161.8987139389164,0.0,0.0,0.0,0.0,0.0,0.0,0.0,0.0,0.0
1161.8987139389164,0.0,0.0,3.524630471929413e-7,0.0,0.0,0.0,0.0,0.0,0.0
1161.8987139389164,0.0,0.0,0.0,0.0,0.0,0.0,0.0,0.0,0.0
1161.8987139389164,0.0,0.0,0.0,0.0,0.0,0.0,0.0,0.0,0.0
1161.8987139389164,35.45050014364833,0.0,0.0,0.0,0.0,0.0,0.0,0.0,0.0
1161.8987139389164,0.0,0.0,0.0,0.0,0.0,0.0,0.0,0.0,0.0
1161.8987139389164,0.0,19.160760727013297,0.0,0.0,0.0,0.0,0.0,2.546585164964199e-11,0.0
1161.8987139389164,35.450500143190055,0.0,0.0,0.0,0.0,0.0,0.0,0.0,0.0
1161.8987139389164,0.0,19.160760727016907,0.0,0.0,0.0,0.0,0.0,4.575341451647773,0.0
1161.8987139389164,0.0,19.16076072702367,0.0,0.0,0.0,0.0,0.0,0.0,0.0
1161.8987139389164,0.0,0.0,0.0,0.0,0.0,0.0,0.0,19.160760727038763,0.0
1161.8987139389164,0.0,19.16076072702367,0.0,0.0,0.0,0.0,0.0,1.5091927707544528e-11,0.0
1161.8987139389164,0.0,0.0,0.0,0.0,0.0,0.0,0.0,0.0,0.0
1161.8987139389164,0.0,0.0,0.0,0.0,0.0,0.0,0.0,0.0,0.0
1161.8987139389164,0.0,0.0,3.5212019611208234e-7,0.0,0.0,0.0,0.0,19.160760374896995,0.0
1161.8987139389164,0.0,19.160760727013297,0.0,0.0,0.0,0.0,0.0,0.0,0.0
1161.8987139389164,0.0,0.0,0.0,0.0,0.0,0.0,0.0,0.0,0.0
1161.8987139389164,0.0,19.160760727021483,0.0,0.0,0.0,0.0,0.0,104.77571684461242,0.0
1161.8987139389164,0.0,0.0,0.0,0.0,0.0,0.0,0.0,0.0,0.0
1161.8987139389164,0.0,0.0,0.0,0.0,0.0,0.0,0.0,0.0,0.0
1161.8987139389164,35.45050014364833,0.0,0.0,0.0,0.0,0.0,0.0,0.0,0.0
1161.8987139389164,35.45050014434773,0.0,0.0,0.0,0.0,0.0,0.0,0.0,0.0
1161.8987139389164,0.0,19.160760727013297,0.0,0.0,0.0,0.0,0.0,2.546585164964199e-11,0.0
1161.8987139389164,0.0,0.0,0.0,0.0,0.0,0.0,0.0,0.0,0.0
1161.8987139389164,0.0,0.0,0.0,0.0,0.0,0.0,0.0,0.0,0.0
1161.8987139389164,35.45050014444618,0.0,0.0,0.0,0.0,0.0,0.0,0.0,0.0
1161.8987139389164,0.0,0.0,0.0,0.0,0.0,0.0,0.0,0.0,0.0
1161.8987139389164,0.0,0.0,0.0,0.0,0.0,0.0,0.0,0.0,0.0
1161.8987139389164,35.450500144074425,0.0,0.0,0.0,0.0,0.0,0.0,0.0,0.0
1161.8987139389164,0.0,0.0,3.5212011084695405e-7,0.0,0.0,0.0,0.0,0.0,0.0
1161.8987139389164,35.45050014239311,0.0,0.0,0.0,0.0,0.0,0.0,0.0,0.0
1161.8987139389164,0.0,0.0,0.0,0.0,0.0,0.0,0.0,0.0,0.0
1161.8987139389164,0.0,0.0,0.0,0.0,0.0,0.0,0.0,0.0,0.0
1161.8987139389164,0.0,0.0,0.0,0.0,0.0,0.0,0.0,0.0,0.0
1161.8987139389164,0.0,19.16076072701597,0.0,0.0,0.0,0.0,0.0,0.0,0.0
1161.8987139389164,35.450500144074425,0.0,0.0,0.0,0.0,0.0,0.0,0.0,0.0
1161.8987139389164,0.0,0.0,3.506272037157032e-7,0.0,0.0,0.0,0.0,0.0,0.0
1161.8987139389164,0.0,0.0,0.0,0.0,0.0,0.0,0.0,0.0,0.0
1161.8987139389164,0.0,0.0,0.0,0.0,0.0,0.0,0.0,0.0,0.0
1161.8987139389164,0.0,0.0,0.0,0.0,0.0,0.0,0.0,0.0,0.0
1161.8987139389164,0.0,0.0,0.0,0.0,0.0,0.0,0.0,0.0,0.0
1161.8987139389164,0.0,0.0,0.0,0.0,0.0,0.0,0.0,0.0,0.0
1161.8987139389164,0.0,0.0,0.0,0.0,0.0,0.0,0.0,0.0,0.0
1161.8987139389164,0.0,0.0,0.0,0.0,0.0,0.0,0.0,0.0,0.0
1161.8987139389164,0.0,0.0,0.0,0.0,0.0,0.0,0.0,0.0,0.0
1161.8987139389164,0.0,19.160760727024893,0.0,0.0,0.0,0.0,0.0,0.0,0.0
1161.8987139389164,0.0,0.0,0.0,0.0,0.0,0.0,0.0,0.0,0.0
1161.8987139389164,35.45050014434773,0.0,0.0,0.0,0.0,0.0,0.0,0.0,0.0
1161.8987139389164,0.0,0.0,0.0,0.0,0.0,0.0,0.0,0.0,0.0
1161.8987139389164,35.45050014364833,0.0,0.0,0.0,0.0,0.0,0.0,0.0,0.0
1161.8987139389164,35.450500143190055,0.0,0.0,0.0,0.0,0.0,0.0,0.0,0.0
1161.8987139389164,35.45050014364833,0.0,0.0,0.0,0.0,0.0,0.0,0.0,0.0
1161.8987139389164,35.45050014434773,0.0,0.0,0.0,0.0,0.0,0.0,0.0,0.0
1161.8987139389164,35.45050014364833,0.0,0.0,0.0,0.0,0.0,0.0,0.0,0.0
1161.8987139389164,0.0,0.0,0.0,0.0,0.0,0.0,0.0,0.0,0.0
1161.8987139389164,0.0,0.0,0.0,0.0,0.0,0.0,0.0,0.0,0.0
1161.8987139389164,35.45050014364833,0.0,0.0,0.0,0.0,0.0,0.0,0.0,0.0
1161.8987139389164,0.0,0.0,0.0,0.0,0.0,0.0,0.0,0.0,0.0
1161.8987139389164,0.0,0.0,0.0,0.0,0.0,0.0,0.0,0.0,0.0
1161.8987139389164,0.0,0.0,0.0,0.0,0.0,0.0,0.0,0.0,0.0
1161.8987139389164,0.0,0.0,0.0,0.0,0.0,0.0,0.0,0.0,0.0
1161.8987139389164,35.45050014364833,0.0,0.0,0.0,0.0,0.0,0.0,0.0,0.0
1161.8987139389164,0.0,0.0,0.0,0.0,0.0,0.0,0.0,19.160760727038763,0.0
1161.8987139389164,0.0,19.160760727013297,0.0,0.0,0.0,0.0,0.0,2.546585164964199e-11,0.0
1161.8987139389164,0.0,0.0,0.0,0.0,0.0,0.0,0.0,0.0,0.0
1161.8987139389164,0.0,0.0,0.0,0.0,0.0,0.0,0.0,0.0,0.0
1161.8987139389164,0.0,19.160760727024893,0.0,0.0,0.0,0.0,0.0,0.0,0.0
1161.8987139389164,0.0,0.0,0.0,0.0,0.0,0.0,0.0,19.160760727038763,0.0
1161.8987139389164,0.0,0.0,0.0,0.0,0.0,0.0,0.0,0.0,0.0
1161.8987139389164,0.0,0.0,0.0,0.0,0.0,0.0,0.0,0.0,0.0
1161.8987139389164,0.0,0.0,0.0,0.0,0.0,0.0,0.0,23.73610217866468,0.0
1161.8987139389164,35.450500143190055,0.0,0.0,0.0,0.0,0.0,0.0,0.0,0.0
1161.8987139389164,0.0,0.0,0.0,0.0,0.0,0.0,0.0,0.0,0.0
1161.8987139389164,0.0,0.0,3.506270900288655e-7,0.0,0.0,0.0,0.0,19.1607603763901,0.0
1161.8987139389164,0.0,0.0,0.0,0.0,0.0,0.0,0.0,0.0,0.0
1161.8987139389164,35.450500143190055,0.0,0.0,0.0,0.0,0.0,0.0,0.0,0.0
1161.8987139389164,0.0,0.0,0.0,0.0,0.0,0.0,0.0,0.0,0.0
1161.8987139389164,0.0,0.0,4.398127438855511,0.0,0.0,0.0,0.0,14.762633288183252,0.0
1161.8987139389164,0.0,0.0,0.0,0.0,0.0,0.0,0.0,0.0,0.0
1161.8987139389164,0.0,0.0,0.0,0.0,0.0,0.0,0.0,0.0,0.0
1161.8987139389164,35.45050014280119,0.0,0.0,0.0,0.0,0.0,0.0,0.0,0.0
1161.8987139389164,0.0,0.0,0.0,0.0,0.0,0.0,0.0,0.0,0.0
1161.8987139389164,35.45050014444618,0.0,0.0,0.0,0.0,0.0,0.0,0.0,0.0
1161.8987139389164,0.0,0.0,3.524630471929413e-7,0.0,0.0,0.0,0.0,0.0,0.0
1161.8987139389164,0.0,0.0,0.0,0.0,0.0,0.0,0.0,3.5790876040664443e-7,0.0
1161.8987139389164,0.0,0.0,3.5300544709571113e-7,0.0,0.0,0.0,0.0,0.0,0.0
1161.8987139389164,35.45050014444618,0.0,0.0,0.0,0.0,0.0,0.0,0.0,0.0
1161.8987139389164,35.45050014444618,0.0,0.0,0.0,0.0,0.0,0.0,0.0,0.0
1161.8987139389164,35.450500143190055,0.0,0.0,0.0,0.0,0.0,0.0,0.0,0.0
1161.8987139389164,35.45050014434773,0.0,0.0,0.0,0.0,0.0,0.0,0.0,0.0
1161.8987139389164,0.0,0.0,3.5300544709571113e-7,0.0,0.0,0.0,0.0,19.160760374033316,0.0
1161.8987139389164,35.45050014239311,0.0,0.0,0.0,0.0,0.0,0.0,0.0,0.0
1161.8987139389164,0.0,0.0,3.5133112419316603e-7,0.0,0.0,0.0,0.0,23.736101827333556,0.0
1161.8987139389164,0.0,0.0,0.0,0.0,0.0,0.0,0.0,19.160760727038763,0.0
1161.8987139389164,0.0,0.0,0.0,0.0,0.0,0.0,0.0,19.160760727038763,0.0
1161.8987139389164,0.0,0.0,0.0,0.0,0.0,0.0,0.0,23.73610217866468,0.0
1161.8987139389164,35.450500143190055,0.0,0.0,0.0,0.0,0.0,0.0,0.0,0.0
1161.8987139389164,0.0,0.0,0.0,0.0,0.0,0.0,0.0,0.0,0.0
1161.8987139389164,0.0,0.0,0.0,0.0,0.0,0.0,0.0,0.0,0.0
1161.8987139389164,0.0,0.0,0.0,0.0,0.0,0.0,0.0,0.0,0.0
1161.8987139389164,0.0,0.0,0.0,0.0,0.0,0.0,0.0,19.16076072701719,0.0
1161.8987139389164,0.0,0.0,0.0,0.0,0.0,0.0,0.0,0.0,0.0
1161.8987139389164,35.45050014364833,0.0,0.0,0.0,0.0,0.0,0.0,0.0,0.0
1161.8987139389164,0.0,19.16076072702367,0.0,0.0,0.0,0.0,0.0,4.575341451641009,0.0
1161.8987139389164,35.45050014364833,0.0,0.0,0.0,0.0,0.0,0.0,0.0,0.0
1161.8987139389164,0.0,0.0,3.524630471929413e-7,0.0,0.0,0.0,23.906073497110327,359.95512455532673,0.0
1161.8987139389164,35.45050014364833,0.0,0.0,0.0,0.0,0.0,0.0,0.0,0.0
1161.8987139389164,0.0,0.0,0.0,0.0,0.0,0.0,0.0,0.0,0.0
1161.8987139389164,35.45050014434773,0.0,0.0,0.0,0.0,0.0,0.0,348.4106982605524,0.0
1161.8987139389164,35.45050014434773,0.0,0.0,0.0,0.0,0.0,0.0,0.0,0.0
1161.8987139389164,0.0,0.0,3.513312947234226e-7,0.0,0.0,0.0,0.0,0.0,0.0
1161.8987139389164,0.0,19.16076072701597,0.0,0.0,0.0,0.0,0.0,4.575341451648711,0.0
1161.8987139389164,35.45050014444618,0.0,0.0,0.0,0.0,0.0,0.0,0.0,0.0
1161.8987139389164,0.0,0.0,0.0,0.0,0.0,0.0,0.0,0.0,0.0
1161.8987139389164,0.0,0.0,0.0,0.0,0.0,0.0,0.0,0.0,0.0
1161.8987139389164,35.45050014434773,0.0,0.0,0.0,0.0,0.0,0.0,0.0,0.0
1161.8987139389164,0.0,0.0,4.398127438855511,0.0,0.0,0.0,0.0,0.0,0.0
1161.8987139389164,0.0,0.0,4.398127438855511,0.0,0.0,0.0,0.0,0.0,0.0
1161.8987139389164,35.45050014434773,0.0,0.0,0.0,0.0,0.0,0.0,0.0,0.0
1161.8987139389164,35.45050014364833,0.0,0.0,0.0,0.0,0.0,0.0,0.0,0.0
1161.8987139389164,0.0,0.0,0.0,0.0,0.0,0.0,0.0,0.0,0.0
1161.8987139389164,0.0,0.0,0.0,0.0,0.0,0.0,0.0,0.0,0.0
1161.8987139389164,0.0,0.0,0.0,0.0,0.0,0.0,0.0,0.0,0.0
1161.8987139389164,35.450500144074425,0.0,0.0,0.0,0.0,0.0,0.0,0.0,0.0
1161.8987139389164,0.0,0.0,0.0,0.0,0.0,0.0,0.0,0.0,0.0
1161.8987139389164,0.0,19.160760727018783,0.0,0.0,0.0,0.0,0.0,1.9980461729574017e-11,0.0
1161.8987139389164,0.0,19.160760727024893,0.0,0.0,0.0,0.0,0.0,0.0,0.0
1161.8987139389164,0.0,0.0,0.0,0.0,0.0,0.0,0.0,3.5790876040664443e-7,0.0
1161.8987139389164,0.0,19.160760727013297,0.0,0.0,0.0,0.0,0.0,0.0,0.0
1161.8987139389164,0.0,0.0,0.0,0.0,0.0,0.0,0.0,0.0,0.0
1161.8987139389164,0.0,0.0,0.0,0.0,0.0,0.0,0.0,0.0,0.0
1161.8987139389164,35.45050014364833,0.0,0.0,0.0,0.0,0.0,0.0,0.0,0.0
1161.8987139389164,0.0,19.160760727018783,0.0,0.0,0.0,0.0,0.0,104.77571684461512,0.0
1161.8987139389164,0.0,19.160760727013297,0.0,0.0,0.0,0.0,0.0,0.0,0.0
1161.8987139389164,35.45050014364833,0.0,0.0,0.0,0.0,0.0,0.0,0.0,0.0
1161.8987139389164,0.0,0.0,0.0,0.0,0.0,0.0,0.0,0.0,0.0
1161.8987139389164,0.0,0.0,0.0,0.0,0.0,0.0,0.0,0.0,0.0
1161.8987139389164,0.0,0.0,0.0,0.0,0.0,0.0,0.0,0.0,0.0
1161.8987139389164,0.0,0.0,0.0,0.0,0.0,0.0,0.0,0.0,0.0
1161.8987139389164,0.0,0.0,0.0,0.0,0.0,0.0,0.0,0.0,0.0
1161.8987139389164,35.45050014434773,0.0,0.0,0.0,0.0,0.0,0.0,0.0,0.0
1161.8987139389164,0.0,19.160760727018783,0.0,0.0,0.0,0.0,0.0,0.0,0.0
1161.8987139389164,35.45050014434773,0.0,0.0,0.0,0.0,0.0,0.0,0.0,0.0
1161.8987139389164,0.0,19.16076072701597,0.0,0.0,0.0,0.0,0.0,364.70043767788417,0.0
1161.8987139389164,35.45050014444618,0.0,0.0,0.0,0.0,0.0,0.0,0.0,0.0
1161.8987139389164,35.450500144074425,0.0,0.0,0.0,0.0,0.0,0.0,0.0,0.0
1161.8987139389164,0.0,0.0,3.5212019611208234e-7,5.803002522952738e-9,0.0,0.0,0.0,19.160760369115565,0.0
1161.8987139389164,35.450500144074425,0.0,0.0,0.0,0.0,0.0,0.0,0.0,0.0
1161.8987139389164,0.0,0.0,0.0,0.0,0.0,0.0,0.0,0.0,0.0
1161.8987139389164,0.0,0.0,3.513312947234226e-7,0.0,0.0,0.0,0.0,0.0,0.0
1161.8987139389164,0.0,19.160760727024893,0.0,0.0,0.0,0.0,0.0,0.0,0.0
1161.8987139389164,0.0,0.0,0.0,0.0,0.0,0.0,0.0,0.0,0.0
1161.8987139389164,0.0,19.160760727024893,0.0,0.0,0.0,0.0,0.0,0.0,0.0
1161.8987139389164,0.0,19.160760727013297,0.0,0.0,0.0,0.0,0.0,0.0,0.0
1161.8987139389164,0.0,0.0,0.0,0.0,0.0,0.0,0.0,0.0,0.0
1161.8987139389164,35.450500143190055,0.0,0.0,0.0,0.0,0.0,0.0,0.0,0.0
1161.8987139389164,0.0,0.0,0.0,0.0,0.0,0.0,0.0,0.0,0.0
1161.8987139389164,0.0,0.0,0.0,0.0,0.0,0.0,0.0,0.0,0.0
1161.8987139389164,35.450500143190055,0.0,0.0,0.0,0.0,0.0,0.0,0.0,0.0
1161.8987139389164,0.0,19.160760727016907,0.0,0.0,0.0,0.0,0.0,0.0,0.0
1161.8987139389164,0.0,0.0,3.506270900288655e-7,0.0,0.0,0.0,0.0,23.73610182803759,0.0
1161.8987139389164,0.0,0.0,0.0,0.0,0.0,0.0,0.0,0.0,0.0
1161.8987139389164,0.0,0.0,0.0,0.0,0.0,0.0,0.0,0.0,0.0
1161.8987139389164,0.0,19.160760727013297,0.0,0.0,0.0,0.0,0.0,0.0,0.0
1161.8987139389164,0.0,19.160760727013297,0.0,0.0,0.0,0.0,0.0,0.0,0.0
1161.8987139389164,0.0,0.0,0.0,0.0,0.0,0.0,0.0,0.0,0.0
1161.8987139389164,0.0,0.0,0.0,0.0,0.0,0.0,0.0,0.0,0.0
1161.8987139389164,0.0,0.0,0.0,0.0,0.0,0.0,0.0,0.0,0.0
1161.8987139389164,0.0,0.0,0.0,0.0,0.0,0.0,0.0,0.0,0.0
1161.8987139389164,35.45050014434773,0.0,0.0,0.0,0.0,0.0,0.0,0.0,0.0
1161.8987139389164,0.0,19.16076072701597,0.0,0.0,0.0,0.0,0.0,0.0,0.0
1161.8987139389164,0.0,0.0,4.398127438855511,0.0,0.0,0.0,0.0,0.0,0.0
1161.8987139389164,35.45050014444618,0.0,0.0,0.0,0.0,0.0,0.0,0.0,0.0
1161.8987139389164,35.450500144074425,0.0,0.0,0.0,0.0,0.0,0.0,0.0,0.0
1161.8987139389164,0.0,0.0,0.0,0.0,0.0,0.0,0.0,0.0,0.0
1161.8987139389164,0.0,0.0,3.5133112419316603e-7,0.0,0.0,0.0,0.0,6.5776362134783994e-9,0.0
1161.8987139389164,0.0,0.0,0.0,0.0,0.0,0.0,0.0,0.0,0.0
1161.8987139389164,35.450500144074425,0.0,0.0,0.0,0.0,0.0,0.0,0.0,0.0
1161.8987139389164,35.450500144074425,0.0,0.0,0.0,0.0,0.0,0.0,0.0,0.0
1161.8987139389164,35.45050014364833,0.0,0.0,0.0,0.0,0.0,0.0,0.0,0.0
1161.8987139389164,0.0,19.160760727013297,0.0,0.0,0.0,0.0,0.0,0.0,0.0
1161.8987139389164,0.0,0.0,0.0,0.0,0.0,0.0,0.0,0.0,0.0
1161.8987139389164,0.0,0.0,0.0,0.0,0.0,0.0,0.0,23.73610217866468,0.0
1161.8987139389164,35.45050014364833,0.0,0.0,0.0,0.0,0.0,0.0,0.0,0.0
1161.8987139389164,0.0,0.0,0.0,0.0,0.0,0.0,0.0,0.0,0.0
1161.8987139389164,35.450500143190055,0.0,0.0,0.0,0.0,0.0,0.0,0.0,0.0
1161.8987139389164,0.0,0.0,0.0,0.0,0.0,0.0,0.0,0.0,0.0
1161.8987139389164,0.0,0.0,0.0,0.0,0.0,0.0,0.0,0.0,0.0
1161.8987139389164,0.0,19.160760727013297,0.0,0.0,0.0,0.0,0.0,0.0,0.0
1161.8987139389164,0.0,0.0,0.0,0.0,0.0,0.0,0.0,0.0,0.0
1161.8987139389164,0.0,0.0,0.0,0.0,0.0,0.0,0.0,3.5790876040664443e-7,0.0
1161.8987139389164,0.0,0.0,0.0,0.0,0.0,0.0,0.0,0.0,0.0
1161.8987139389164,0.0,19.16076072702367,0.0,0.0,0.0,0.0,0.0,0.0,0.0
1161.8987139389164,0.0,0.0,0.0,0.0,0.0,0.0,0.0,0.0,0.0
1161.8987139389164,35.45050014434773,0.0,0.0,0.0,0.0,0.0,0.0,0.0,0.0
1161.8987139389164,35.450500144074425,0.0,0.0,0.0,0.0,0.0,0.0,0.0,0.0
1161.8987139389164,0.0,0.0,0.0,0.0,0.0,0.0,0.0,0.0,0.0
1161.8987139389164,35.45050014434773,0.0,0.0,0.0,0.0,0.0,0.0,348.4106982605524,0.0
1161.8987139389164,0.0,0.0,0.0,0.0,0.0,0.0,0.0,0.0,0.0
1161.8987139389164,0.0,19.160760727013297,0.0,0.0,0.0,0.0,0.0,0.0,0.0
1161.8987139389164,0.0,0.0,0.0,0.0,0.0,0.0,0.0,0.0,0.0
1161.8987139389164,0.0,0.0,0.0,0.0,0.0,0.0,0.0,0.0,0.0
1161.8987139389164,0.0,0.0,0.0,0.0,0.0,0.0,0.0,0.0,0.0
1161.8987139389164,0.0,0.0,0.0,0.0,0.0,0.0,0.0,0.0,0.0
1161.8987139389164,0.0,0.0,3.506270900288655e-7,0.0,0.0,0.0,0.0,0.0,0.0
1161.8987139389164,0.0,0.0,0.0,0.0,0.0,0.0,0.0,0.0,0.0
1161.8987139389164,35.45050014444618,0.0,0.0,0.0,0.0,0.0,0.0,0.0,0.0
1161.8987139389164,35.45050014444618,0.0,0.0,0.0,0.0,0.0,0.0,0.0,0.0
1161.8987139389164,0.0,0.0,0.0,0.0,0.0,0.0,0.0,0.0,0.0
1161.8987139389164,0.0,0.0,0.0,0.0,0.0,0.0,0.0,0.0,0.0
1161.8987139389164,35.450500144074425,0.0,0.0,0.0,0.0,0.0,0.0,0.0,0.0
1161.8987139389164,35.450500144074425,0.0,0.0,0.0,0.0,0.0,0.0,0.0,0.0
1161.8987139389164,0.0,0.0,0.0,0.0,0.0,0.0,0.0,0.0,0.0
1161.8987139389164,0.0,0.0,0.0,0.0,0.0,0.0,0.0,19.160760727038763,0.0
1161.8987139389164,0.0,0.0,0.0,0.0,0.0,0.0,0.0,0.0,0.0
1161.8987139389164,35.450500144074425,0.0,0.0,0.0,0.0,0.0,0.0,0.0,0.0
1161.8987139389164,0.0,0.0,0.0,0.0,0.0,0.0,0.0,0.0,0.0
1161.8987139389164,35.45050014434773,0.0,0.0,0.0,0.0,0.0,0.0,90.64311433137692,0.0
1161.8987139389164,35.450500144074425,0.0,0.0,0.0,0.0,0.0,0.0,348.4106982608257,0.0
1161.8987139389164,0.0,0.0,0.0,0.0,0.0,0.0,0.0,0.0,0.0
1161.8987139389164,0.0,0.0,0.0,0.0,0.0,0.0,0.0,0.0,0.0
1161.8987139389164,0.0,19.16076072702367,0.0,0.0,0.0,0.0,0.0,0.0,0.0
1161.8987139389164,0.0,0.0,0.0,0.0,0.0,0.0,0.0,0.0,0.0
1161.8987139389164,35.450500144074425,0.0,0.0,0.0,0.0,0.0,0.0,0.0,0.0
1161.8987139389164,0.0,0.0,0.0,0.0,0.0,0.0,0.0,0.0,0.0
1161.8987139389164,0.0,0.0,0.0,0.0,0.0,0.0,0.0,0.0,0.0
1161.8987139389164,0.0,0.0,0.0,0.0,0.0,0.0,0.0,0.0,0.0
1161.8987139389164,0.0,0.0,0.0,0.0,0.0,0.0,0.0,0.0,0.0
1161.8987139389164,0.0,19.160760727013297,0.0,0.0,0.0,0.0,0.0,2.546585164964199e-11,0.0
1161.8987139389164,35.450500144074425,0.0,0.0,0.0,0.0,0.0,0.0,0.0,0.0
1161.8987139389164,35.45050014434773,0.0,0.0,0.0,0.0,0.0,0.0,0.0,0.0
1161.8987139389164,35.45050014434773,0.0,0.0,0.0,0.0,0.0,0.0,0.0,0.0
1161.8987139389164,0.0,0.0,0.0,0.0,0.0,0.0,0.0,19.16076072701719,0.0
1161.8987139389164,0.0,0.0,0.0,0.0,0.0,0.0,0.0,0.0,0.0
1161.8987139389164,0.0,0.0,0.0,0.0,0.0,0.0,0.0,0.0,0.0
1161.8987139389164,0.0,0.0,0.0,0.0,0.0,0.0,0.0,0.0,0.0
1161.8987139389164,0.0,0.0,0.0,0.0,0.0,0.0,0.0,0.0,0.0
1161.8987139389164,0.0,0.0,0.0,0.0,0.0,0.0,0.0,0.0,0.0
1161.8987139389164,0.0,0.0,0.0,0.0,0.0,0.0,0.0,0.0,0.0
1161.8987139389164,0.0,0.0,0.0,0.0,0.0,0.0,0.0,0.0,0.0
1161.8987139389164,0.0,0.0,0.0,0.0,0.0,0.0,0.0,0.0,0.0
1161.8987139389164,0.0,19.160760727016907,0.0,0.0,0.0,0.0,0.0,0.0,0.0
1161.8987139389164,35.450500144074425,0.0,0.0,0.0,0.0,0.0,0.0,0.0,0.0
1161.8987139389164,0.0,0.0,0.0,0.0,0.0,0.0,0.0,0.0,0.0
1161.8987139389164,35.450500143190055,0.0,0.0,0.0,0.0,0.0,0.0,0.0,0.0
1161.8987139389164,0.0,19.160760727016907,0.0,0.0,0.0,0.0,0.0,0.0,0.0
1161.8987139389164,35.45050014364833,0.0,0.0,0.0,0.0,0.0,0.0,0.0,0.0
1161.8987139389164,0.0,0.0,3.506272037157032e-7,0.0,0.0,0.0,0.0,0.0,0.0
1161.8987139389164,0.0,0.0,0.0,0.0,0.0,0.0,0.0,0.0,0.0
1161.8987139389164,0.0,0.0,0.0,0.0,0.0,0.0,0.0,0.0,0.0
1161.8987139389164,0.0,0.0,0.0,0.0,0.0,0.0,0.0,0.0,0.0
1161.8987139389164,35.45050014434773,0.0,0.0,0.0,0.0,0.0,0.0,348.4106982605524,0.0
1161.8987139389164,0.0,0.0,0.0,0.0,0.0,0.0,0.0,0.0,0.0
1161.8987139389164,35.450500144074425,0.0,0.0,0.0,0.0,0.0,0.0,0.0,0.0
1161.8987139389164,0.0,0.0,3.5133112419316603e-7,0.0,0.0,0.0,0.0,0.0,0.0
1161.8987139389164,35.450500144074425,0.0,0.0,0.0,0.0,0.0,0.0,0.0,0.0
1161.8987139389164,0.0,0.0,0.0,0.0,0.0,0.0,0.0,3.5790876040664443e-7,0.0
1161.8987139389164,0.0,0.0,0.0,0.0,0.0,0.0,0.0,0.0,0.0
1161.8987139389164,0.0,19.16076072701597,0.0,0.0,0.0,0.0,4.7453131225574054,359.95512455532673,0.0
1161.8987139389164,0.0,19.16076072702367,0.0,0.0,0.0,0.0,0.0,0.0,0.0
1161.8987139389164,0.0,0.0,0.0,0.0,0.0,0.0,0.0,0.0,0.0
1161.8987139389164,0.0,0.0,0.0,0.0,0.0,0.0,0.0,0.0,0.0
1161.8987139389164,0.0,0.0,0.0,0.0,0.0,0.0,0.0,0.0,0.0
1161.8987139389164,35.450500143190055,0.0,0.0,0.0,0.0,0.0,0.0,0.0,0.0
1161.8987139389164,0.0,19.16076072702367,0.0,0.0,0.0,0.0,0.0,0.0,0.0
1161.8987139389164,0.0,0.0,0.0,0.0,0.0,0.0,0.0,0.0,0.0
1161.8987139389164,0.0,0.0,0.0,0.0,0.0,0.0,0.0,0.0,0.0
1161.8987139389164,0.0,0.0,0.0,0.0,0.0,0.0,0.0,0.0,0.0
1161.8987139389164,0.0,0.0,0.0,0.0,0.0,0.0,0.0,0.0,0.0
1161.8987139389164,0.0,0.0,3.5212011084695405e-7,0.0,0.0,0.0,0.0,0.0,0.0
1161.8987139389164,0.0,19.160760727016907,0.0,0.0,0.0,0.0,0.0,0.0,0.0
1161.8987139389164,35.45050014434773,0.0,0.0,0.0,0.0,0.0,0.0,0.0,0.0
1161.8987139389164,0.0,0.0,3.530063565904129e-7,0.0,0.0,0.0,0.0,0.0,0.0
1161.8987139389164,0.0,19.16076072701597,0.0,0.0,0.0,0.0,0.0,0.0,0.0
1161.8987139389164,0.0,19.160760727018783,0.0,0.0,0.0,0.0,0.0,0.0,0.0
1161.8987139389164,0.0,0.0,0.0,0.0,0.0,0.0,0.0,0.0,0.0
1161.8987139389164,0.0,0.0,0.0,0.0,0.0,0.0,0.0,0.0,0.0
1161.8987139389164,0.0,0.0,0.0,0.0,0.0,0.0,0.0,0.0,0.0
1161.8987139389164,35.45050014434773,0.0,0.0,0.0,0.0,0.0,0.0,0.0,0.0
1161.8987139389164,0.0,19.16076072701597,0.0,0.0,0.0,0.0,0.0,1.2221335055073723e-12,0.0
1161.8987139389164,0.0,0.0,0.0,0.0,0.0,0.0,0.0,0.0,0.0
1161.8987139389164,0.0,0.0,0.0,0.0,0.0,0.0,0.0,0.0,0.0
1161.8987139389164,0.0,0.0,0.0,0.0,0.0,0.0,0.0,0.0,0.0
1161.8987139389164,0.0,0.0,3.5246338825345447e-7,0.0,0.0,0.0,0.0,0.0,0.0
1161.8987139389164,0.0,0.0,0.0,0.0,0.0,0.0,0.0,0.0,0.0
1161.8987139389164,0.0,0.0,0.0,0.0,0.0,0.0,0.0,0.0,0.0
1161.8987139389164,35.45050014364833,0.0,0.0,0.0,0.0,0.0,0.0,0.0,0.0
1161.8987139389164,0.0,0.0,0.0,0.0,0.0,0.0,0.0,0.0,0.0
1161.8987139389164,35.450500144074425,0.0,0.0,0.0,0.0,0.0,0.0,0.0,0.0
1161.8987139389164,35.45050014444618,0.0,0.0,0.0,0.0,0.0,0.0,0.0,0.0
1161.8987139389164,0.0,0.0,0.0,0.0,0.0,0.0,0.0,0.0,0.0
1161.8987139389164,0.0,0.0,0.0,0.0,0.0,0.0,0.0,0.0,0.0
1161.8987139389164,0.0,0.0,0.0,0.0,0.0,0.0,0.0,0.0,0.0
1161.8987139389164,0.0,0.0,0.0,0.0,0.0,0.0,0.0,0.0,0.0
1161.8987139389164,0.0,0.0,0.0,0.0,0.0,0.0,0.0,0.0,0.0
1161.8987139389164,0.0,0.0,0.0,0.0,0.0,0.0,0.0,0.0,0.0
1161.8987139389164,0.0,0.0,0.0,0.0,0.0,0.0,0.0,0.0,0.0
1161.8987139389164,0.0,0.0,0.0,0.0,0.0,0.0,0.0,0.0,0.0
1161.8987139389164,35.45050014444618,0.0,0.0,0.0,0.0,0.0,0.0,0.0,0.0
1161.8987139389164,0.0,0.0,0.0,0.0,0.0,0.0,0.0,0.0,0.0
1161.8987139389164,0.0,0.0,0.0,0.0,0.0,0.0,0.0,0.0,0.0
1161.8987139389164,35.45050014364833,0.0,0.0,0.0,0.0,0.0,0.0,0.0,0.0
1161.8987139389164,0.0,0.0,0.0,0.0,0.0,0.0,0.0,0.0,0.0
1161.8987139389164,35.45050014364833,0.0,0.0,0.0,0.0,0.0,0.0,0.0,0.0
1161.8987139389164,0.0,0.0,0.0,0.0,0.0,0.0,0.0,0.0,0.0
1161.8987139389164,35.45050014434773,0.0,0.0,0.0,0.0,0.0,0.0,0.0,0.0
1161.8987139389164,0.0,0.0,0.0,0.0,0.0,0.0,0.0,0.0,0.0
1161.8987139389164,0.0,0.0,0.0,0.0,0.0,0.0,0.0,0.0,0.0
1161.8987139389164,0.0,0.0,0.0,0.0,0.0,0.0,0.0,0.0,0.0
1161.8987139389164,35.45050014280119,0.0,0.0,0.0,0.0,0.0,0.0,0.0,0.0
1161.8987139389164,0.0,0.0,0.0,0.0,0.0,0.0,0.0,0.0,0.0
1161.8987139389164,0.0,0.0,0.0,0.0,0.0,0.0,0.0,0.0,0.0
1161.8987139389164,35.450500144074425,0.0,0.0,0.0,0.0,0.0,0.0,0.0,0.0
1161.8987139389164,0.0,0.0,0.0,0.0,0.0,0.0,0.0,0.0,0.0
1161.8987139389164,0.0,19.160760727013297,0.0,0.0,0.0,0.0,0.0,0.0,0.0
1161.8987139389164,35.45050014434773,0.0,0.0,0.0,0.0,0.0,0.0,0.0,0.0
1161.8987139389164,0.0,0.0,0.0,0.0,0.0,0.0,0.0,0.0,0.0
1161.8987139389164,35.450500144074425,0.0,0.0,0.0,0.0,0.0,0.0,0.0,0.0
1161.8987139389164,0.0,0.0,3.506272037157032e-7,0.0,0.0,0.0,0.0,0.0,0.0
1161.8987139389164,0.0,0.0,0.0,0.0,0.0,0.0,0.0,0.0,0.0
1161.8987139389164,0.0,0.0,0.0,0.0,0.0,0.0,0.0,0.0,0.0
1161.8987139389164,0.0,0.0,0.0,0.0,0.0,0.0,0.0,0.0,0.0
1161.8987139389164,35.450500144074425,0.0,0.0,0.0,0.0,0.0,0.0,0.0,0.0
1161.8987139389164,0.0,19.16076072702367,0.0,0.0,0.0,0.0,0.0,0.0,0.0
1161.8987139389164,0.0,0.0,4.398127438855511,0.0,0.0,0.0,0.0,0.0,0.0
1161.8987139389164,0.0,0.0,0.0,0.0,0.0,0.0,0.0,3.5790876040664443e-7,0.0
1161.8987139389164,0.0,19.160760727016907,0.0,0.0,0.0,0.0,0.0,0.0,0.0
1161.8987139389164,0.0,0.0,0.0,0.0,0.0,0.0,0.0,0.0,0.0
1161.8987139389164,0.0,0.0,0.0,0.0,0.0,0.0,0.0,0.0,0.0
1161.8987139389164,0.0,0.0,0.0,0.0,0.0,0.0,0.0,0.0,0.0
1161.8987139389164,0.0,0.0,0.0,0.0,0.0,0.0,0.0,0.0,0.0
1161.8987139389164,0.0,19.160760727013297,0.0,0.0,0.0,0.0,0.0,2.546585164964199e-11,0.0
1161.8987139389164,35.45050014364833,0.0,0.0,0.0,0.0,0.0,0.0,0.0,0.0
1161.8987139389164,0.0,0.0,0.0,0.0,0.0,0.0,0.0,0.0,0.0
1161.8987139389164,0.0,0.0,0.0,0.0,0.0,0.0,0.0,0.0,0.0
1161.8987139389164,0.0,19.160760727021483,0.0,0.0,0.0,0.0,0.0,0.0,0.0
1161.8987139389164,35.450500144074425,0.0,0.0,0.0,0.0,0.0,0.0,0.0,0.0
1161.8987139389164,0.0,0.0,3.524630471929413e-7,0.0,0.0,0.0,0.0,23.736101826201633,0.0
1161.8987139389164,0.0,0.0,0.0,0.0,0.0,0.0,0.0,0.0,0.0
1161.8987139389164,0.0,0.0,3.530063565904129e-7,0.0,0.0,0.0,0.0,0.0,0.0
1161.8987139389164,0.0,19.160760727018783,0.0,0.0,0.0,0.0,0.0,0.0,0.0
1161.8987139389164,35.45050014444618,0.0,0.0,0.0,0.0,0.0,0.0,0.0,0.0
1161.8987139389164,0.0,19.16076072702367,0.0,0.0,0.0,0.0,0.0,0.0,0.0
1161.8987139389164,0.0,0.0,0.0,0.0,0.0,0.0,0.0,0.0,0.0
1161.8987139389164,0.0,0.0,0.0,0.0,0.0,0.0,0.0,0.0,0.0
1161.8987139389164,0.0,0.0,0.0,0.0,0.0,0.0,0.0,19.160760727038763,0.0
1161.8987139389164,0.0,19.16076072701597,0.0,0.0,0.0,0.0,0.0,0.0,0.0
1161.8987139389164,0.0,0.0,0.0,0.0,0.0,0.0,0.0,0.0,0.0
1161.8987139389164,0.0,0.0,0.0,0.0,0.0,0.0,0.0,0.0,0.0
1161.8987139389164,0.0,0.0,0.0,0.0,0.0,0.0,0.0,0.0,0.0
1161.8987139389164,0.0,0.0,0.0,0.0,0.0,0.0,0.0,0.0,0.0
1161.8987139389164,35.45050014434773,0.0,0.0,0.0,0.0,0.0,0.0,0.0,0.0
1161.8987139389164,35.450500143190055,0.0,0.0,0.0,0.0,0.0,0.0,0.0,0.0
1161.8987139389164,0.0,0.0,0.0,0.0,0.0,0.0,0.0,0.0,0.0
1161.8987139389164,35.450500144074425,0.0,0.0,0.0,0.0,0.0,0.0,0.0,0.0
1161.8987139389164,0.0,0.0,0.0,0.0,0.0,0.0,0.0,0.0,0.0
1161.8987139389164,35.45050014280119,0.0,0.0,0.0,0.0,0.0,0.0,0.0,0.0
1161.8987139389164,0.0,0.0,0.0,0.0,0.0,0.0,0.0,0.0,0.0
1161.8987139389164,0.0,0.0,0.0,0.0,0.0,0.0,0.0,0.0,0.0
1161.8987139389164,0.0,0.0,0.0,0.0,0.0,0.0,0.0,0.0,0.0
1161.8987139389164,0.0,0.0,0.0,0.0,0.0,0.0,0.0,0.0,0.0
1161.8987139389164,35.45050014364833,0.0,0.0,0.0,0.0,0.0,0.0,88.48597742798557,0.0
1161.8987139389164,0.0,0.0,0.0,0.0,0.0,0.0,0.0,0.0,0.0
1161.8987139389164,0.0,0.0,0.0,0.0,0.0,0.0,0.0,0.0,0.0
1161.8987139389164,35.450500144074425,0.0,0.0,0.0,0.0,0.0,0.0,0.0,0.0
1161.8987139389164,0.0,0.0,0.0,0.0,0.0,0.0,0.0,0.0,0.0
1161.8987139389164,35.450500144074425,0.0,0.0,0.0,0.0,0.0,0.0,0.0,0.0
1161.8987139389164,0.0,0.0,0.0,0.0,0.0,0.0,0.0,0.0,0.0
1161.8987139389164,35.450500144074425,0.0,0.0,0.0,0.0,0.0,0.0,0.0,0.0
1161.8987139389164,0.0,0.0,0.0,0.0,0.0,0.0,0.0,19.160760727038763,0.0
1161.8987139389164,0.0,19.16076072701597,0.0,0.0,0.0,0.0,0.0,0.0,0.0
1161.8987139389164,0.0,0.0,3.5212019611208234e-7,0.0,0.0,0.0,0.0,0.0,0.0
