x1,x2,x3,x4,x5
195.76409545585878,0.0,439.28075863143664,0.0,0.0
195.76409545585878,0.0,0.0,0.0,0.0
195.76409545585878,0.0,404.06215502001504,53.72929700845553,0.0
195.76409545585878,0.0,0.0,0.0,0.0
195.76409545585878,0.0,0.0,0.0,0.0
195.76409545585878,0.0,0.0,0.0,0.0
195.76409545585878,0.0,0.0,0.0,0.0
195.76409545585878,0.0,0.0,0.0,0.0
195.76409545585878,0.0,0.0,457.80393133608953,0.0
195.76409545585878,0.0,0.0,0.0,0.0
195.76409545585878,0.0,0.0,0.0,0.0
195.76409545585878,0.0,0.0,0.0,0.0
195.76409545585878,0.0,439.28075863143664,0.0,0.0
195.76409545585878,0.0,0.0,0.0,0.0
195.76409545585878,0.0,0.0,0.0,0.0
195.76409545585878,0.0,0.0,0.0,0.0
195.76409545585878,0.0,0.0,0.0,0.0
195.76409545585878,0.0,0.0,0.0,0.0
195.76409545585878,0.0,0.0,0.0,0.0
195.76409545585878,0.0,0.0,0.0,0.0
195.76409545585878,0.0,0.0,0.0,0.0
195.76409545585878,0.0,0.0,0.0,0.0
195.76409545585878,0.0,0.0,440.8124571318689,0.0
195.76409545585878,0.0,0.0,0.0,0.0
195.76409545585878,0.0,0.0,0.0,0.0
195.76409545585878,0.0,0.0,0.0,0.0
195.76409545585878,0.0,0.0,310.1483192908338,0.0
195.76409545585878,0.0,0.0,0.0,0.0
195.76409545585878,0.0,0.0,0.0,0.0
195.76409545585878,0.0,0.0,0.0,0.0
195.76409545585878,0.0,0.0,0.0,0.0
195.76409545585878,0.0,0.0,0.0,0.0
195.76409545585878,0.0,0.0,0.0,0.0
195.76409545585878,402.1374762350821,0.0,0.0,0.0
195.76409545585878,0.0,0.0,0.0,0.0
195.76409545585878,0.0,0.0,0.0,0.0
195.76409545585878,0.0,0.0,440.8124571318689,0.0
195.76409545585878,0.0,0.0,0.0,0.0
195.76409545585878,0.0,0.0,0.0,0.0
195.76409545585878,0.0,0.0,0.0,0.0
195.76409545585878,0.0,0.0,0.0,0.0
195.76409545585878,0.0,0.0,0.0,0.0
195.76409545585878,0.0,0.0,0.0,0.0
195.76409545585878,0.0,0.0,0.0,0.0
195.76409545585878,0.0,0.0,0.0,0.0
195.76409545585878,0.0,0.0,0.0,0.0
195.76409545585878,0.0,0.0,0.0,0.0
195.76409545585878,0.0,0.0,0.0,0.0
195.76409545585878,0.0,0.0,0.0,0.0
195.76409545585878,0.0,0.0,0.0,0.0
195.76409545585878,0.0,0.0,0.0,0.0
195.76409545585878,0.0,0.0,0.0,0.0
195.76409545585878,0.0,0.0,0.0,0.0
195.76409545585878,0.0,0.0,0.0,0.0
195.76409545585878,0.0,0.0,0.0,0.0
195.76409545585878,0.0,0.0,0.0,0.0
195.76409545585878,0.0,0.0,0.0,0.0
195.76409545585878,0.0,439.28075863143664,529.075927072704,0.0
195.76409545585878,0.0,0.0,0.0,0.0
195.76409545585878,0.0,0.0,0.0,0.0
195.76409545585878,0.0,0.0,0.0,0.0
195.76409545585878,0.0,0.0,0.0,0.0
195.76409545585878,0.0,0.0,0.0,0.0
195.76409545585878,426.6573292515318,0.0,21.51601418055276,0.0
195.76409545585878,0.0,0.0,0.0,0.0
195.76409545585878,0.0,0.0,0.0,0.0
195.76409545585878,0.0,0.0,0.0,0.0
195.76409545585878,0.0,0.0,0.0,0.0
195.76409545585878,0.0,0.0,0.0,0.0
195.76409545585878,0.0,0.0,0.0,0.0
195.76409545585878,0.0,0.0,0.0,0.0
195.76409545585878,0.0,0.0,0.0,0.0
195.76409545585878,0.0,0.0,0.0,0.0
195.76409545585878,0.0,0.0,0.0,0.0
195.76409545585878,0.0,0.0,0.0,0.0
195.76409545585878,0.0,0.0,0.0,0.0
195.76409545585878,0.0,0.0,0.0,0.0
195.76409545585878,0.0,0.0,0.0,0.0
195.76409545585878,450.7202607759664,0.0,515.4026084507246,0.0
195.76409545585878,0.0,0.0,457.80393133609397,0.0
195.76409545585878,0.0,0.0,0.0,0.0
195.76409545585878,0.0,0.0,0.0,0.0
195.76409545585878,0.0,0.0,0.0,0.0
195.76409545585878,0.0,0.0,0.0,0.0
195.76409545585878,0.0,0.0,0.0,0.0
195.76409545585878,0.0,0.0,0.0,0.0
195.76409545585878,0.0,0.0,0.0,0.0
195.76409545585878,0.0,0.0,0.0,0.0
195.76409545585878,0.0,0.0,0.0,0.0
195.76409545585878,0.0,0.0,0.0,0.0
195.76409545585878,0.0,0.0,0.0,0.0
195.76409545585878,0.0,0.0,0.0,0.0
195.76409545585878,450.7202607759664,0.0,6.824966418963584,0.0
195.76409545585878,0.0,0.0,0.0,0.0
195.76409545585878,0.0,0.0,0.0,0.0
195.76409545585878,404.0276941912528,463.5988965028322,59.213248649917546,0.0
195.76409545585878,0.0,0.0,0.0,0.0
195.76409545585878,0.0,0.0,0.0,0.0
195.76409545585878,0.0,0.0,0.0,0.0
195.76409545585878,0.0,0.0,457.80393133609397,0.0
195.76409545585878,0.0,0.0,0.0,0.0
195.76409545585878,0.0,0.0,0.0,0.0
195.76409545585878,0.0,0.0,0.0,0.0
195.76409545585878,0.0,0.0,0.0,0.0
195.76409545585878,0.0,0.0,0.0,0.0
195.76409545585878,0.0,0.0,0.0,0.0
195.76409545585878,0.0,0.0,440.8124571318689,0.0
195.76409545585878,0.0,0.0,0.0,0.0
195.76409545585878,0.0,0.0,0.0,0.0
195.76409545585878,0.0,0.0,0.0,0.0
195.76409545585878,0.0,0.0,0.0,0.0
195.76409545585878,0.0,0.0,0.0,0.0
195.76409545585878,426.6573292515318,442.79798884493067,138.65118608184832,0.0
195.76409545585878,0.0,0.0,0.0,0.0
195.76409545585878,0.0,0.0,0.0,0.0
195.76409545585878,0.0,0.0,0.0,0.0
195.76409545585878,0.0,0.0,0.0,0.0
195.76409545585878,0.0,0.0,457.80393133609397,0.0
195.76409545585878,0.0,0.0,0.0,0.0
195.76409545585878,0.0,0.0,0.0,0.0
195.76409545585878,0.0,0.0,0.0,0.0
195.76409545585878,0.0,0.0,0.0,0.0
195.76409545585878,0.0,0.0,0.0,0.0
195.76409545585878,0.0,0.0,0.0,0.0
195.76409545585878,0.0,0.0,0.0,0.0
195.76409545585878,0.0,0.0,0.0,0.0
195.76409545585878,0.0,0.0,0.0,0.0
195.76409545585878,0.0,0.0,0.0,0.0
195.76409545585878,0.0,0.0,0.0,0.0
195.76409545585878,0.0,0.0,0.0,0.0
195.76409545585878,0.0,0.0,0.0,0.0
195.76409545585878,0.0,0.0,0.0,0.0
195.76409545585878,0.0,0.0,0.0,0.0
195.76409545585878,0.0,0.0,0.0,0.0
195.76409545585878,0.0,0.0,378.94103629562926,0.0
195.76409545585878,0.0,0.0,448.17954443971087,0.0
195.76409545585878,0.0,0.0,0.0,0.0
195.76409545585878,0.0,0.0,457.80393133609397,0.0
195.76409545585878,0.0,0.0,0.0,0.0
195.76409545585878,0.0,0.0,0.0,0.0
195.76409545585878,0.0,0.0,0.0,0.0
195.76409545585878,0.0,0.0,0.0,0.0
195.76409545585878,0.0,0.0,440.8124571318689,0.0
195.76409545585878,0.0,0.0,0.0,0.0
195.76409545585878,0.0,0.0,448.17954443971087,0.0
195.76409545585878,0.0,0.0,440.8124571318689,0.0
195.76409545585878,0.0,0.0,0.0,0.0
195.76409545585878,0.0,0.0,0.0,0.0
195.76409545585878,451.1022325716934,0.0,0.0,0.0
195.76409545585878,0.0,310.1507720448007,130.66168508706824,0.0
195.76409545585878,0.0,0.0,0.0,0.0
195.76409545585878,0.0,0.0,0.0,0.0
195.76409545585878,0.0,0.0,0.0,0.0
195.76409545585878,0.0,0.0,0.0,0.0
195.76409545585878,0.0,0.0,0.0,0.0
195.76409545585878,0.0,0.0,0.0,0.0
195.76409545585878,0.0,0.0,0.0,0.0
195.76409545585878,0.0,0.0,0.0,0.0
195.76409545585878,0.0,0.0,0.0,0.0
195.76409545585878,0.0,0.0,0.0,0.0
195.76409545585878,0.0,0.0,0.0,0.0
195.76409545585878,0.0,0.0,0.0,0.0
195.76409545585878,402.1374762350821,0.0,0.0,0.0
195.76409545585878,0.0,0.0,0.0,0.0
195.76409545585878,450.7202607759664,522.895967447676,0.0,0.0
195.76409545585878,0.0,0.0,0.0,0.0
195.76409545585878,426.6573292515318,546.9840638611114,0.0,0.0
195.76409545585878,450.7202607759664,0.0,0.0,0.0
195.76409545585878,0.0,0.0,0.0,0.0
195.76409545585878,0.0,0.0,0.0,0.0
195.76409545585878,0.0,0.0,0.0,0.0
195.76409545585878,0.0,310.14634877591516,0.00033217474714319906,0.0
195.76409545585878,0.0,0.0,435.69843420655167,0.0
195.76409545585878,0.0,0.0,0.0,0.0
195.76409545585878,0.0,0.0,0.0,0.0
195.76409545585878,426.6573292515318,442.7979888449315,96.9351935085009,0.0
195.76409545585878,0.0,0.0,440.8124571318689,0.0
195.76409545585878,0.0,0.0,0.0,0.0
195.76409545585878,0.0,0.0,0.0,0.0
195.76409545585878,0.0,0.0,0.0,0.0
195.76409545585878,0.0,0.0,0.0,0.0
195.76409545585878,0.0,0.0,265.27713082216485,0.0
195.76409545585878,0.0,0.0,0.0,0.0
195.76409545585878,0.0,0.0,0.0,0.0
195.76409545585878,0.0,0.0,310.1483192908339,0.0
195.76409545585878,0.0,0.0,0.0,0.0
195.76409545585878,0.0,0.0,0.0,0.0
195.76409545585878,0.0,0.0,0.0,0.0
195.76409545585878,0.0,0.0,0.0,0.0
195.76409545585878,0.0,0.0,0.0,0.0
195.76409545585878,0.0,327.9207838594807,51.0192621106184,0.0
195.76409545585878,0.0,0.0,0.0,0.0
195.76409545585878,0.0,0.0,0.0,0.0
195.76409545585878,0.0,0.0,0.0,0.0
195.76409545585878,402.1374762350821,0.0,0.0,0.0
195.76409545585878,0.0,0.0,0.0,0.0
195.76409545585878,0.0,0.0,0.0,0.0
195.76409545585878,0.0,0.0,0.0,0.0
195.76409545585878,0.0,351.0828646915159,28.177974135181387,0.0
195.76409545585878,0.0,0.0,0.0,0.0
195.76409545585878,450.7202607759664,396.92903320836064,0.0,0.0
195.76409545585878,0.0,0.0,0.0,0.0
195.76409545585878,0.0,0.0,0.0,0.0
195.76409545585878,0.0,0.0,440.8124571318689,0.0
195.76409545585878,404.0276941912528,0.0,316.5731658734975,0.0
195.76409545585878,0.0,0.0,0.0,0.0
195.76409545585878,0.0,0.0,0.0,0.0
195.76409545585878,0.0,0.0,0.0,0.0
195.76409545585878,0.0,0.0,0.0,0.0
195.76409545585878,402.1374762350821,390.5053190849129,0.0,0.0
195.76409545585878,0.0,0.0,0.0,0.0
195.76409545585878,0.0,0.0,0.0,0.0
195.76409545585878,0.0,0.0,0.0,0.0
195.76409545585878,0.0,0.0,0.0,0.0
195.76409545585878,0.0,0.0,0.0,0.0
195.76409545585878,0.0,0.0,0.0,0.0
195.76409545585878,0.0,0.0,0.0,0.0
195.76409545585878,0.0,0.0,0.0,0.0
195.76409545585878,0.0,310.1463487759151,138.0331956637958,0.0
195.76409545585878,0.0,0.0,0.0,0.0
195.76409545585878,0.0,0.0,0.0,0.0
195.76409545585878,0.0,327.92078385948076,51.01926211061834,0.0
195.76409545585878,0.0,0.0,0.0,0.0
195.76409545585878,0.0,0.0,0.0,0.0
195.76409545585878,0.0,0.0,0.0,0.0
195.76409545585878,0.0,0.0,0.0,0.0
195.76409545585878,0.0,0.0,0.0,0.0
195.76409545585878,404.0276941912528,388.61510112874214,77.79768016385216,0.0
195.76409545585878,402.1374762350821,0.0,0.0,0.0
195.76409545585878,0.0,0.0,0.0,0.0
195.76409545585878,450.7202607759664,396.9290332083605,107.8823536490284,0.0
195.76409545585878,0.0,0.0,0.0,0.0
195.76409545585878,0.0,0.0,0.0,0.0
195.76409545585878,0.0,0.0,0.0,0.0
195.76409545585878,451.1022325716934,0.0,0.0,0.0
195.76409545585878,0.0,0.0,0.0,0.0
195.76409545585878,0.0,0.0,0.0,0.0
195.76409545585878,0.0,0.0,0.0,0.0
195.76409545585878,0.0,327.92078385948076,519.26721862275,0.0
195.76409545585878,0.0,0.0,0.0,0.0
195.76409545585878,0.0,0.0,265.27713082216485,0.0
195.76409545585878,0.0,319.698468786829,0.0,0.0
195.76409545585878,0.0,0.0,0.0,0.0
195.76409545585878,0.0,0.0,0.0,0.0
195.76409545585878,0.0,0.0,0.0,0.0
195.76409545585878,0.0,0.0,0.0,0.0
195.76409545585878,0.0,351.0828646915159,89.16856419139373,0.0
195.76409545585878,0.0,0.0,0.0,0.0
195.76409545585878,0.0,0.0,0.0,0.0
195.76409545585878,0.0,0.0,0.0,0.0
195.76409545585878,0.0,0.0,0.0,0.0
195.76409545585878,0.0,0.0,0.0,0.0
195.76409545585878,0.0,0.0,0.0,0.0
195.76409545585878,0.0,0.0,0.0,0.0
195.76409545585878,0.0,0.0,0.0,0.0
195.76409545585878,0.0,0.0,0.0,0.0
195.76409545585878,0.0,0.0,0.0,0.0
195.76409545585878,0.0,0.0,0.0,0.0
195.76409545585878,0.0,0.0,0.0,0.0
195.76409545585878,0.0,0.0,0.0,0.0
195.76409545585878,0.0,0.0,0.0,0.0
195.76409545585878,0.0,0.0,0.0,0.0
195.76409545585878,0.0,0.0,0.0,0.0
195.76409545585878,0.0,0.0,0.0,0.0
195.76409545585878,0.0,0.0,0.0,0.0
195.76409545585878,0.0,0.0,0.0,0.0
195.76409545585878,0.0,0.0,0.0,0.0
195.76409545585878,0.0,0.0,0.0,0.0
195.76409545585878,0.0,0.0,0.0,0.0
195.76409545585878,0.0,0.0,0.0,0.0
195.76409545585878,0.0,0.0,0.0,0.0
195.76409545585878,0.0,0.0,0.0,0.0
195.76409545585878,0.0,0.0,0.0,0.0
195.76409545585878,0.0,0.0,0.0,0.0
195.76409545585878,0.0,0.0,0.0,0.0
195.76409545585878,0.0,0.0,0.0,0.0
195.76409545585878,0.0,0.0,0.0,0.0
195.76409545585878,0.0,0.0,0.0,0.0
195.76409545585878,0.0,310.1507720448007,130.66168508705852,0.0
195.76409545585878,0.0,0.0,0.0,0.0
195.76409545585878,0.0,0.0,448.17954443971087,0.0
195.76409545585878,0.0,0.0,0.0,0.0
195.76409545585878,0.0,319.698468786829,59.24338320077669,0.0
195.76409545585878,0.0,0.0,0.0,0.0
195.76409545585878,0.0,0.0,0.0,0.0
195.76409545585878,0.0,0.0,0.0,0.0
195.76409545585878,0.0,0.0,0.0,0.0
195.76409545585878,0.0,0.0,0.0,0.0
195.76409545585878,0.0,0.0,0.0,0.0
195.76409545585878,0.0,0.0,0.0,0.0
195.76409545585878,0.0,0.0,0.0,0.0
195.76409545585878,0.0,0.0,0.0,0.0
195.76409545585878,0.0,0.0,0.0,0.0
195.76409545585878,426.6573292515318,440.9692614425532,117.88427978843413,0.0
195.76409545585878,0.0,0.0,0.0,0.0
195.76409545585878,0.0,0.0,0.0,0.0
195.76409545585878,0.0,0.0,0.0,0.0
195.76409545585878,0.0,0.0,0.0,0.0
195.76409545585878,0.0,0.0,0.0,0.0
195.76409545585878,0.0,0.0,0.0,0.0
195.76409545585878,0.0,0.0,378.94103629562926,0.0
195.76409545585878,0.0,0.0,0.0,0.0
195.76409545585878,0.0,0.0,0.0,0.0
195.76409545585878,0.0,0.0,0.0,0.0
195.76409545585878,0.0,0.0,0.0,0.0
195.76409545585878,0.0,0.0,0.0,0.0
195.76409545585878,0.0,0.0,0.0,0.0
195.76409545585878,0.0,0.0,0.0,0.0
195.76409545585878,0.0,0.0,0.0,0.0
195.76409545585878,0.0,0.0,0.0,0.0
195.76409545585878,0.0,0.0,457.80393133609397,0.0
195.76409545585878,0.0,0.0,0.0,0.0
195.76409545585878,0.0,0.0,0.0,0.0
195.76409545585878,0.0,0.0,0.0,0.0
195.76409545585878,0.0,0.0,0.0,0.0
195.76409545585878,0.0,0.0,0.0,0.0
195.76409545585878,0.0,0.0,0.0,0.0
195.76409545585878,0.0,310.1463487759151,658.2103369282254,0.0
195.76409545585878,404.0276941912528,0.0,551.5039534421024,0.0
195.76409545585878,0.0,0.0,0.0,0.0
195.76409545585878,0.0,0.0,0.0,0.0
195.76409545585878,0.0,0.0,0.0,0.0
195.76409545585878,0.0,0.0,0.0,0.0
195.76409545585878,0.0,0.0,0.0,0.0
195.76409545585878,0.0,0.0,0.0,0.0
195.76409545585878,0.0,0.0,0.0,0.0
195.76409545585878,0.0,0.0,0.0,0.0
195.76409545585878,0.0,0.0,0.0,0.0
195.76409545585878,0.0,0.0,0.0,0.0
195.76409545585878,0.0,310.14634877591516,130.6661083559439,0.0
195.76409545585878,0.0,0.0,0.0,0.0
195.76409545585878,0.0,0.0,0.0,0.0
195.76409545585878,0.0,0.0,0.0,0.0
195.76409545585878,0.0,0.0,0.0,0.0
195.76409545585878,0.0,0.0,0.0,0.0
195.76409545585878,0.0,0.0,0.0,0.0
195.76409545585878,0.0,0.0,0.0,0.0
195.76409545585878,0.0,0.0,378.94103629562915,0.0
195.76409545585878,0.0,0.0,0.0,0.0
195.76409545585878,0.0,0.0,0.0,0.0
195.76409545585878,0.0,0.0,0.0,0.0
195.76409545585878,0.0,0.0,0.0,0.0
195.76409545585878,0.0,0.0,0.0,0.0
195.76409545585878,0.0,0.0,0.0,0.0
195.76409545585878,0.0,0.0,440.812457131859,0.0
195.76409545585878,0.0,0.0,0.0,0.0
195.76409545585878,0.0,0.0,0.0,0.0
195.76409545585878,0.0,0.0,0.0,0.0
195.76409545585878,0.0,0.0,0.0,0.0
195.76409545585878,0.0,0.0,0.0,0.0
195.76409545585878,0.0,0.0,0.0,0.0
195.76409545585878,0.0,0.0,0.0,0.0
195.76409545585878,457.6475614912557,0.0,213.8918236339654,0.0
195.76409545585878,437.70775492437826,1.6022272370816495,526.812887065231,0.0
195.76409545585878,0.0,0.0,0.0,0.0
195.76409545585878,0.0,0.0,0.0,0.0
195.76409545585878,0.0,0.0,0.0,0.0
195.76409545585878,0.0,0.0,0.0,0.0
195.76409545585878,0.0,0.0,0.0,0.0
195.76409545585878,0.0,0.0,0.0,0.0
195.76409545585878,0.0,0.0,0.0,0.0
195.76409545585878,0.0,0.0,0.0,0.0
195.76409545585878,0.0,0.0,0.0,0.0
195.76409545585878,0.0,0.0,0.0,0.0
195.76409545585878,0.0,0.0,0.0,0.0
195.76409545585878,0.0,0.0,0.0,0.0
195.76409545585878,0.0,0.0,0.0,0.0
195.76409545585878,0.0,0.0,0.0,0.0
195.76409545585878,0.0,0.0,0.0,0.0
195.76409545585878,404.0276941912528,0.0,443.1918680364772,0.0
195.76409545585878,0.0,0.0,0.0,0.0
195.76409545585878,0.0,0.0,0.0,0.0
195.76409545585878,0.0,0.0,0.0,0.0
195.76409545585878,0.0,0.0,310.1483192908338,0.0
195.76409545585878,0.0,0.0,0.0,0.0
195.76409545585878,0.0,0.0,0.0,0.0
195.76409545585878,0.0,0.0,0.0,0.0
195.76409545585878,0.0,0.0,0.0,0.0
195.76409545585878,0.0,0.0,0.0,0.0
195.76409545585878,0.0,0.0,0.0,0.0
195.76409545585878,0.0,0.0,0.0,0.0
195.76409545585878,0.0,0.0,0.0,0.0
195.76409545585878,426.6573292515318,0.0,0.0,0.0
195.76409545585878,0.0,0.0,0.0,0.0
195.76409545585878,0.0,0.0,0.0,0.0
195.76409545585878,0.0,0.0,0.0,0.0
195.76409545585878,0.0,0.0,0.0,0.0
195.76409545585878,0.0,310.14634877591516,0.00033217474714319906,0.0
195.76409545585878,0.0,0.0,0.0,0.0
195.76409545585878,402.1374762350821,0.0,0.0,0.0
195.76409545585878,0.0,0.0,0.0,0.0
195.76409545585878,0.0,0.0,0.0,0.0
195.76409545585878,0.0,0.0,0.0,0.0
195.76409545585878,0.0,0.0,0.0,0.0
195.76409545585878,0.0,0.0,0.0,0.0
195.76409545585878,0.0,0.0,440.812457131859,0.0
195.76409545585878,0.0,0.0,0.0,0.0
195.76409545585878,0.0,0.0,378.94103629562915,0.0
195.76409545585878,450.7202607759664,0.0,515.4026084507246,0.0
195.76409545585878,426.6573292515318,0.0,0.0,0.0
195.76409545585878,0.0,0.0,0.0,0.0
195.76409545585878,0.0,0.0,0.0,0.0
195.76409545585878,0.0,0.0,0.0,0.0
195.76409545585878,0.0,0.0,0.0,0.0
195.76409545585878,0.0,0.0,0.0,0.0
195.76409545585878,0.0,0.0,0.0,0.0
195.76409545585878,0.0,0.0,0.0,0.0
195.76409545585878,0.0,0.0,0.0,0.0
195.76409545585878,0.0,0.0,0.0,0.0
195.76409545585878,0.0,0.0,0.0,0.0
195.76409545585878,0.0,0.0,0.0,0.0
195.76409545585878,0.0,0.0,0.0,0.0
195.76409545585878,0.0,0.0,0.0,0.0
195.76409545585878,0.0,0.0,0.0,0.0
195.76409545585878,0.0,0.0,0.0,0.0
195.76409545585878,0.0,0.0,0.0,0.0
195.76409545585878,0.0,0.0,0.0,0.0
195.76409545585878,0.0,0.0,0.0,0.0
195.76409545585878,0.0,0.0,0.0,0.0
195.76409545585878,0.0,0.0,0.0,0.0
195.76409545585878,0.0,0.0,0.0,0.0
195.76409545585878,0.0,0.0,0.0,0.0
195.76409545585878,0.0,0.0,0.0,0.0
195.76409545585878,0.0,0.0,0.0,0.0
195.76409545585878,0.0,0.0,0.0,0.0
195.76409545585878,0.0,0.0,0.0,0.0
195.76409545585878,0.0,0.0,0.0,0.0
195.76409545585878,0.0,0.0,0.0,0.0
195.76409545585878,0.0,0.0,0.0,0.0
195.76409545585878,0.0,0.0,0.0,0.0
195.76409545585878,0.0,0.0,0.0,0.0
195.76409545585878,0.0,0.0,0.0,0.0
195.76409545585878,0.0,0.0,0.0,0.0
195.76409545585878,0.0,0.0,0.0,0.0
195.76409545585878,0.0,0.0,0.0,0.0
195.76409545585878,0.0,0.0,0.0,0.0
195.76409545585878,0.0,0.0,0.0,0.0
195.76409545585878,0.0,0.0,0.0,0.0
195.76409545585878,0.0,0.0,0.0,0.0
195.76409545585878,0.0,0.0,0.0,0.0
195.76409545585878,0.0,0.0,0.0,0.0
195.76409545585878,0.0,0.0,0.0,0.0
195.76409545585878,0.0,0.0,310.1483192908339,0.0
195.76409545585878,0.0,0.0,265.27713082216485,0.0
195.76409545585878,437.70775492437826,535.9336381882649,0.0,0.0
195.76409545585878,426.6573292515318,0.0,0.0,0.0
195.76409545585878,0.0,0.0,0.0,0.0
195.76409545585878,0.0,0.0,435.69843420655167,0.0
195.76409545585878,0.0,0.0,0.0,0.0
195.76409545585878,0.0,0.0,0.0,0.0
195.76409545585878,437.70775492437826,505.48640785126815,56.2628618658884,0.0
195.76409545585878,0.0,0.0,0.0,0.0
195.76409545585878,0.0,0.0,0.0,0.0
195.76409545585878,0.0,0.0,0.0,0.0
195.76409545585878,0.0,0.0,0.0,0.0
195.76409545585878,0.0,0.0,0.0,0.0
195.76409545585878,426.6573292515318,0.0,0.0,0.0
195.76409545585878,0.0,0.0,0.0,0.0
195.76409545585878,426.6573292515318,0.0,0.0,0.0
195.76409545585878,0.0,0.0,0.0,0.0
195.76409545585878,0.0,0.0,0.0,0.0
195.76409545585878,0.0,0.0,0.0,0.0
195.76409545585878,0.0,0.0,0.0,0.0
195.76409545585878,0.0,0.0,0.0,0.0
195.76409545585878,0.0,0.0,0.0,0.0
195.76409545585878,0.0,0.0,0.0,0.0
195.76409545585878,437.70775492437826,0.0,530.6489307797623,0.0
195.76409545585878,0.0,0.0,0.0,0.0
195.76409545585878,0.0,0.0,0.0,0.0
195.76409545585878,0.0,0.0,0.0,0.0
195.76409545585878,426.6573292515318,0.0,0.0,0.0
195.76409545585878,0.0,0.0,0.0,0.0
195.76409545585878,0.0,0.0,0.0,0.0
195.76409545585878,0.0,0.0,0.0,0.0
195.76409545585878,0.0,404.06215502001504,0.0,0.0
195.76409545585878,0.0,0.0,0.0,0.0
195.76409545585878,0.0,0.0,0.0,0.0
195.76409545585878,0.0,0.0,0.0,0.0
195.76409545585878,0.0,0.0,0.0,0.0
195.76409545585878,0.0,0.0,0.0,0.0
195.76409545585878,437.70775492437826,535.9084732992641,0.0,0.0
195.76409545585878,0.0,0.0,0.0,0.0
195.76409545585878,0.0,0.0,0.0,0.0
195.76409545585878,0.0,404.06215502001504,564.2945306841256,0.0
195.76409545585878,437.70775492437826,535.9084732992641,41.40057961375486,0.0
195.76409545585878,404.0276941912528,0.0,0.0,0.0
195.76409545585878,0.0,0.0,0.0,0.0
195.76409545585878,0.0,0.0,0.0,0.0
195.76409545585878,0.0,0.0,0.0,0.0
195.76409545585878,0.0,0.0,0.0,0.0
195.76409545585878,0.0,0.0,457.80393133609397,0.0
195.76409545585878,0.0,0.0,0.0,0.0
195.76409545585878,0.0,0.0,0.0,0.0
195.76409545585878,0.0,0.0,0.0,0.0
195.76409545585878,0.0,0.0,435.69843420655167,0.0
195.76409545585878,0.0,0.0,0.0,0.0
195.76409545585878,437.70775492437826,0.0,0.0,0.0
195.76409545585878,0.0,0.0,0.0,0.0
195.76409545585878,0.0,0.0,0.0,0.0
195.76409545585878,0.0,0.0,0.0,0.0
195.76409545585878,0.0,0.0,0.0,0.0
195.76409545585878,0.0,0.0,0.0,0.0
195.76409545585878,0.0,0.0,0.0,0.0
195.76409545585878,0.0,0.0,0.0,0.0
195.76409545585878,0.0,0.0,0.0,0.0
195.76409545585878,0.0,0.0,378.94103629562915,0.0
195.76409545585878,0.0,0.0,0.0,0.0
195.76409545585878,0.0,0.0,0.0,0.0
195.76409545585878,0.0,0.0,0.0,0.0
195.76409545585878,0.0,0.0,0.0,0.0
195.76409545585878,0.0,0.0,0.0,0.0
195.76409545585878,0.0,0.0,0.0,0.0
195.76409545585878,0.0,0.0,0.0,0.0
195.76409545585878,0.0,0.0,0.0,0.0
195.76409545585878,0.0,0.0,0.0,0.0
195.76409545585878,451.1022325716934,0.0,0.0,0.0
195.76409545585878,0.0,0.0,0.0,0.0
195.76409545585878,0.0,0.0,0.0,0.0
195.76409545585878,0.0,0.0,0.0,0.0
195.76409545585878,0.0,0.0,0.0,0.0
195.76409545585878,0.0,0.0,0.0,0.0
195.76409545585878,0.0,0.0,0.0,0.0
195.76409545585878,0.0,0.0,0.0,0.0
195.76409545585878,404.0276941912528,443.7922855067617,165.43984739637455,0.0
195.76409545585878,0.0,0.0,0.0,0.0
195.76409545585878,0.0,0.0,0.0,0.0
195.76409545585878,0.0,0.0,0.0,0.0
195.76409545585878,437.70775492437826,0.0,0.0,0.0
195.76409545585878,0.0,0.0,0.0,0.0
195.76409545585878,426.6573292515318,0.0,0.0,0.0
195.76409545585878,0.0,0.0,0.0,0.0
195.76409545585878,0.0,0.0,0.0,0.0
195.76409545585878,0.0,0.0,0.0,0.0
195.76409545585878,0.0,0.0,0.0,0.0
195.76409545585878,0.0,0.0,0.0,0.0
195.76409545585878,0.0,0.0,0.0,0.0
195.76409545585878,0.0,0.0,0.0,0.0
195.76409545585878,0.0,0.0,0.0,0.0
195.76409545585878,0.0,0.0,0.0,0.0
195.76409545585878,0.0,0.0,0.0,0.0
195.76409545585878,0.0,0.0,0.0,0.0
195.76409545585878,0.0,0.0,0.0,0.0
195.76409545585878,0.0,0.0,0.0,0.0
195.76409545585878,0.0,0.0,0.0,0.0
195.76409545585878,0.0,0.0,0.0,0.0
195.76409545585878,0.0,0.0,0.0,0.0
195.76409545585878,0.0,0.0,0.0,0.0
195.76409545585878,0.0,0.0,440.812457131859,0.0
195.76409545585878,0.0,0.0,0.0,0.0
195.76409545585878,0.0,0.0,0.0,0.0
195.76409545585878,0.0,0.0,0.0,0.0
195.76409545585878,0.0,0.0,0.0,0.0
195.76409545585878,0.0,0.0,0.0,0.0
195.76409545585878,0.0,0.0,0.0,0.0
195.76409545585878,0.0,0.0,0.0,0.0
195.76409545585878,0.0,0.0,0.0,0.0
195.76409545585878,0.0,0.0,310.1483192908338,0.0
195.76409545585878,0.0,0.0,0.0,0.0
195.76409545585878,0.0,0.0,0.0,0.0
195.76409545585878,0.0,0.0,0.0,0.0
195.76409545585878,0.0,0.0,0.0,0.0
195.76409545585878,0.0,0.0,0.0,0.0
195.76409545585878,0.0,0.0,0.0,0.0
195.76409545585878,0.0,0.0,0.0,0.0
195.76409545585878,0.0,0.0,0.0,0.0
195.76409545585878,0.0,0.0,0.0,0.0
195.76409545585878,0.0,0.0,0.0,0.0
195.76409545585878,0.0,0.0,0.0,0.0
195.76409545585878,0.0,0.0,0.0,0.0
195.76409545585878,0.0,0.0,0.0,0.0
195.76409545585878,0.0,0.0,0.0,0.0
195.76409545585878,0.0,0.0,0.0,0.0
195.76409545585878,0.0,0.0,0.0,0.0
195.76409545585878,0.0,0.0,0.0,0.0
195.76409545585878,0.0,0.0,0.0,0.0
195.76409545585878,0.0,0.0,0.0,0.0
195.76409545585878,0.0,0.0,0.0,0.0
195.76409545585878,0.0,0.0,0.0,0.0
195.76409545585878,0.0,0.0,0.0,0.0
195.76409545585878,0.0,0.0,457.80393133609397,0.0
195.76409545585878,0.0,0.0,0.0,0.0
195.76409545585878,0.0,0.0,0.0,0.0
195.76409545585878,0.0,0.0,0.0,0.0
195.76409545585878,437.70775492437826,0.0,0.0,0.0
195.76409545585878,0.0,0.0,0.0,0.0
195.76409545585878,0.0,0.0,0.0,0.0
195.76409545585878,0.0,0.0,0.0,0.0
195.76409545585878,0.0,0.0,378.94103629562915,0.0
195.76409545585878,0.0,0.0,0.0,0.0
195.76409545585878,0.0,0.0,0.0,0.0
195.76409545585878,0.0,0.0,0.0,0.0
195.76409545585878,0.0,0.0,0.0,0.0
195.76409545585878,0.0,0.0,0.0,0.0
195.76409545585878,0.0,0.0,0.0,0.0
195.76409545585878,0.0,0.0,0.0,0.0
195.76409545585878,0.0,0.0,0.0,0.0
195.76409545585878,0.0,0.0,0.0,0.0
195.76409545585878,0.0,0.0,0.0,0.0
195.76409545585878,0.0,0.0,0.0,0.0
195.76409545585878,0.0,0.0,0.0,0.0
195.76409545585878,0.0,0.0,0.0,0.0
195.76409545585878,0.0,0.0,0.0,0.0
195.76409545585878,0.0,0.0,0.0,0.0
195.76409545585878,0.0,0.0,0.0,0.0
195.76409545585878,0.0,0.0,0.0,0.0
195.76409545585878,0.0,310.14634877591516,130.6661083559439,0.0
195.76409545585878,437.70775492437826,0.0,0.0,0.0
195.76409545585878,0.0,0.0,0.0,0.0
195.76409545585878,402.1374762350821,0.0,566.2192094690585,0.0
195.76409545585878,0.0,0.0,0.0,0.0
195.76409545585878,0.0,310.14634877591516,130.6661083559439,0.0
195.76409545585878,0.0,0.0,0.0,0.0
195.76409545585878,0.0,0.0,0.0,0.0
195.76409545585878,0.0,0.0,0.0,0.0
195.76409545585878,0.0,0.0,0.0,0.0
195.76409545585878,0.0,0.0,0.0,0.0
195.76409545585878,0.0,0.0,0.0,0.0
195.76409545585878,0.0,0.0,0.0,0.0
195.76409545585878,0.0,0.0,0.0,0.0
195.76409545585878,0.0,0.0,0.0,0.0
195.76409545585878,0.0,0.0,457.80393133609397,0.0
195.76409545585878,0.0,0.0,0.0,0.0
195.76409545585878,0.0,0.0,0.0,0.0
195.76409545585878,0.0,0.0,0.0,0.0
195.76409545585878,0.0,0.0,0.0,0.0
195.76409545585878,0.0,0.0,0.0,0.0
195.76409545585878,0.0,0.0,0.0,0.0
195.76409545585878,0.0,0.0,0.0,0.0
195.76409545585878,450.7202607759664,0.0,0.0,0.0
195.76409545585878,404.0276941912528,443.7922855067628,0.0,0.0
195.76409545585878,0.0,0.0,0.0,0.0
195.76409545585878,0.0,0.0,0.0,0.0
195.76409545585878,0.0,0.0,0.0,0.0
195.76409545585878,0.0,0.0,0.0,0.0
195.76409545585878,0.0,0.0,0.0,0.0
195.76409545585878,0.0,0.0,0.0,0.0
195.76409545585878,0.0,0.0,0.0,0.0
195.76409545585878,0.0,0.0,0.0,0.0
195.76409545585878,0.0,0.0,0.0,0.0
195.76409545585878,0.0,0.0,0.0,0.0
195.76409545585878,0.0,0.0,265.27713082216485,0.0
195.76409545585878,0.0,0.0,0.0,0.0
195.76409545585878,0.0,0.0,0.0,0.0
195.76409545585878,426.6573292515318,12.491680600226971,0.0,0.0
195.76409545585878,0.0,0.0,0.0,0.0
195.76409545585878,0.0,0.0,0.0,0.0
195.76409545585878,0.0,0.0,0.0,0.0
195.76409545585878,0.0,0.0,0.0,0.0
195.76409545585878,0.0,0.0,0.0,0.0
195.76409545585878,0.0,0.0,0.0,0.0
195.76409545585878,0.0,0.0,0.0,0.0
195.76409545585878,0.0,0.0,0.0,0.0
195.76409545585878,0.0,0.0,0.0,0.0
195.76409545585878,0.0,0.0,0.0,0.0
195.76409545585878,0.0,327.9207838594807,51.0192621106184,0.0
195.76409545585878,450.7202607759664,0.0,6.824966418963584,0.0
195.76409545585878,0.0,0.0,0.0,0.0
195.76409545585878,0.0,0.0,0.0,0.0
195.76409545585878,0.0,0.0,0.0,0.0
195.76409545585878,0.0,0.0,0.0,0.0
195.76409545585878,0.0,0.0,0.0,0.0
195.76409545585878,457.6475614912557,0.0,0.0,0.0
195.76409545585878,0.0,0.0,0.0,0.0
195.76409545585878,0.0,0.0,0.0,0.0
195.76409545585878,0.0,0.0,0.0,0.0
195.76409545585878,0.0,404.06215502001226,44.5133767391016,0.0
195.76409545585878,0.0,0.0,0.0,0.0
195.76409545585878,0.0,0.0,0.0,0.0
195.76409545585878,0.0,0.0,0.0,0.0
195.76409545585878,0.0,0.0,0.0,0.0
195.76409545585878,0.0,0.0,0.0,0.0
195.76409545585878,0.0,0.0,0.0,0.0
195.76409545585878,0.0,0.0,0.0,0.0
195.76409545585878,0.0,0.0,0.0,0.0
195.76409545585878,0.0,0.0,0.0,0.0
195.76409545585878,426.6573292515318,0.0,0.0,0.0
195.76409545585878,0.0,0.0,0.0,0.0
195.76409545585878,0.0,0.0,0.0,0.0
195.76409545585878,0.0,0.0,0.0,0.0
195.76409545585878,0.0,0.0,0.0,0.0
195.76409545585878,0.0,0.0,0.0,0.0
195.76409545585878,0.0,0.0,0.0,0.0
195.76409545585878,0.0,0.0,0.0,0.0
195.76409545585878,0.0,310.1463487759151,130.6661083559439,0.0
195.76409545585878,0.0,0.0,0.0,0.0
195.76409545585878,0.0,0.0,0.0,0.0
195.76409545585878,0.0,0.0,0.0,0.0
195.76409545585878,0.0,0.0,0.0,0.0
195.76409545585878,0.0,0.0,0.0,0.0
195.76409545585878,0.0,0.0,0.0,0.0
195.76409545585878,0.0,0.0,0.0,0.0
195.76409545585878,0.0,0.0,0.0,0.0
195.76409545585878,0.0,0.0,0.0,0.0
195.76409545585878,0.0,0.0,0.0,0.0
195.76409545585878,0.0,0.0,0.0,0.0
195.76409545585878,0.0,0.0,457.80393133609397,0.0
195.76409545585878,0.0,0.0,0.0,0.0
195.76409545585878,0.0,0.0,0.0,0.0
195.76409545585878,0.0,0.0,0.0,0.0
195.76409545585878,0.0,0.0,0.0,0.0
195.76409545585878,0.0,0.0,0.0,0.0
195.76409545585878,0.0,0.0,0.0,0.0
195.76409545585878,0.0,0.0,0.0,0.0
195.76409545585878,0.0,0.0,0.0,0.0
195.76409545585878,0.0,0.0,0.0,0.0
195.76409545585878,0.0,0.0,0.0,0.0
195.76409545585878,0.0,0.0,0.0,0.0
195.76409545585878,0.0,0.0,0.0,0.0
195.76409545585878,402.1374762350821,0.0,38.002684651345476,0.0
195.76409545585878,0.0,0.0,0.0,0.0
195.76409545585878,0.0,0.0,0.0,0.0
195.76409545585878,426.6573292515318,0.0,0.0,0.0
195.76409545585878,0.0,0.0,0.0,0.0
195.76409545585878,0.0,0.0,0.0,0.0
195.76409545585878,0.0,0.0,0.0,0.0
195.76409545585878,0.0,0.0,0.0,0.0
195.76409545585878,0.0,0.0,265.27713082216485,0.0
195.76409545585878,0.0,0.0,0.0,0.0
195.76409545585878,0.0,0.0,0.0,0.0
195.76409545585878,0.0,0.0,0.0,0.0
195.76409545585878,0.0,0.0,0.0,0.0
195.76409545585878,0.0,0.0,0.0,0.0
195.76409545585878,0.0,0.0,0.0,0.0
195.76409545585878,437.70775492437826,0.0,0.0,0.0
195.76409545585878,0.0,0.0,0.0,0.0
195.76409545585878,0.0,0.0,0.0,0.0
195.76409545585878,0.0,0.0,0.0,0.0
195.76409545585878,0.0,0.0,0.0,0.0
195.76409545585878,0.0,0.0,0.0,0.0
195.76409545585878,0.0,0.0,0.0,0.0
195.76409545585878,0.0,0.0,0.0,0.0
195.76409545585878,404.0276941912528,0.0,0.0,0.0
195.76409545585878,426.6573292515318,0.0,0.0,0.0
195.76409545585878,0.0,0.0,0.0,0.0
195.76409545585878,0.0,0.0,0.0,0.0
195.76409545585878,0.0,0.0,0.0,0.0
195.76409545585878,0.0,0.0,0.0,0.0
195.76409545585878,451.1022325716934,0.0,6.513179880776875,0.0
195.76409545585878,0.0,310.14634877591516,0.0,0.0
195.76409545585878,0.0,0.0,0.0,0.0
195.76409545585878,437.70775492437826,0.0,0.0,0.0
195.76409545585878,0.0,0.0,0.0,0.0
195.76409545585878,0.0,0.0,0.0,0.0
195.76409545585878,0.0,0.0,0.0,0.0
195.76409545585878,0.0,0.0,0.0,0.0
195.76409545585878,0.0,439.2807586314367,0.0,0.0
195.76409545585878,0.0,0.0,0.0,0.0
195.76409545585878,0.0,0.0,0.0,0.0
195.76409545585878,0.0,0.0,0.0,0.0
195.76409545585878,426.6573292515318,0.0,13.959957243072495,0.0
195.76409545585878,0.0,0.0,0.0,0.0
195.76409545585878,0.0,0.0,0.0,0.0
195.76409545585878,426.6573292515318,0.0,541.6993564526088,0.0
195.76409545585878,0.0,310.1507720448007,125.54431029705665,0.0
195.76409545585878,0.0,0.0,0.0,0.0
195.76409545585878,0.0,0.0,0.0,0.0
195.76409545585878,0.0,0.0,0.0,0.0
195.76409545585878,0.0,0.0,0.0,0.0
195.76409545585878,0.0,0.0,0.0,0.0
195.76409545585878,0.0,0.0,0.0,0.0
195.76409545585878,0.0,0.0,0.0,0.0
195.76409545585878,0.0,0.0,0.0,0.0
195.76409545585878,0.0,0.0,435.69843420655167,0.0
195.76409545585878,0.0,0.0,0.0,0.0
195.76409545585878,0.0,0.0,0.0,0.0
195.76409545585878,0.0,0.0,0.0,0.0
195.76409545585878,0.0,0.0,0.0,0.0
195.76409545585878,0.0,0.0,0.0,0.0
195.76409545585878,0.0,0.0,0.0,0.0
195.76409545585878,0.0,0.0,0.0,0.0
195.76409545585878,0.0,0.0,0.0,0.0
195.76409545585878,426.6573292515318,0.0,0.0,0.0
195.76409545585878,0.0,0.0,0.0,0.0
195.76409545585878,0.0,0.0,0.0,0.0
195.76409545585878,0.0,0.0,0.0,0.0
195.76409545585878,0.0,0.0,0.0,0.0
195.76409545585878,0.0,0.0,0.0,0.0
195.76409545585878,0.0,0.0,0.0,0.0
195.76409545585878,0.0,0.0,0.0,0.0
195.76409545585878,0.0,0.0,0.0,0.0
195.76409545585878,0.0,0.0,0.0,0.0
195.76409545585878,0.0,0.0,0.0,0.0
195.76409545585878,0.0,0.0,448.1795444397109,0.0
195.76409545585878,0.0,0.0,0.0,0.0
195.76409545585878,0.0,0.0,0.0,0.0
195.76409545585878,0.0,0.0,0.0,0.0
195.76409545585878,0.0,0.0,0.0,0.0
195.76409545585878,0.0,0.0,0.0,0.0
195.76409545585878,0.0,0.0,0.0,0.0
195.76409545585878,0.0,0.0,0.0,0.0
195.76409545585878,0.0,0.0,448.1795444397109,0.0
195.76409545585878,0.0,0.0,0.0,0.0
195.76409545585878,0.0,0.0,0.0,0.0
195.76409545585878,0.0,0.0,0.0,0.0
195.76409545585878,0.0,0.0,0.0,0.0
195.76409545585878,0.0,0.0,0.0,0.0
195.76409545585878,0.0,0.0,0.0,0.0
195.76409545585878,0.0,0.0,0.0,0.0
195.76409545585878,0.0,0.0,0.0,0.0
195.76409545585878,0.0,0.0,0.0,0.0
195.76409545585878,0.0,0.0,0.0,0.0
195.76409545585878,0.0,0.0,0.0,0.0
195.76409545585878,0.0,0.0,0.0,0.0
195.76409545585878,0.0,0.0,0.0,0.0
195.76409545585878,0.0,319.698468786829,0.0,0.0
195.76409545585878,0.0,0.0,0.0,0.0
195.76409545585878,0.0,0.0,0.0,0.0
195.76409545585878,0.0,0.0,0.0,0.0
195.76409545585878,0.0,0.0,0.0,0.0
195.76409545585878,0.0,0.0,0.0,0.0
195.76409545585878,0.0,0.0,0.0,0.0
195.76409545585878,0.0,0.0,0.0,0.0
195.76409545585878,0.0,0.0,0.0,0.0
195.76409545585878,0.0,0.0,0.0,0.0
195.76409545585878,0.0,0.0,0.0,0.0
195.76409545585878,0.0,0.0,0.0,0.0
195.76409545585878,0.0,0.0,0.0,0.0
195.76409545585878,0.0,0.0,0.0,0.0
195.76409545585878,0.0,0.0,0.0,0.0
195.76409545585878,0.0,0.0,0.0,0.0
195.76409545585878,0.0,0.0,0.0,0.0
195.76409545585878,0.0,0.0,0.0,0.0
195.76409545585878,0.0,0.0,0.0,0.0
195.76409545585878,0.0,0.0,0.0,0.0
195.76409545585878,437.70775492437826,535.9336381882649,0.0,0.0
195.76409545585878,0.0,0.0,0.0,0.0
195.76409545585878,0.0,0.0,0.0,0.0
195.76409545585878,450.7202607759664,0.0,0.0,0.0
195.76409545585878,0.0,0.0,0.0,0.0
195.76409545585878,404.0276941912528,0.0,31.641978336179534,0.0
195.76409545585878,0.0,0.0,0.0,0.0
195.76409545585878,0.0,0.0,0.0,0.0
195.76409545585878,0.0,0.0,0.0,0.0
195.76409545585878,0.0,0.0,0.0,0.0
195.76409545585878,0.0,0.0,0.0,0.0
195.76409545585878,0.0,0.0,0.0,0.0
195.76409545585878,0.0,0.0,0.0,0.0
195.76409545585878,0.0,0.0,0.0,0.0
195.76409545585878,0.0,0.0,0.0,0.0
195.76409545585878,0.0,0.0,0.0,0.0
195.76409545585878,426.6573292515318,0.0,0.0,0.0
195.76409545585878,0.0,0.0,0.0,0.0
195.76409545585878,0.0,0.0,0.0,0.0
195.76409545585878,0.0,0.0,0.0,0.0
195.76409545585878,0.0,0.0,0.0,0.0
195.76409545585878,0.0,0.0,0.0,0.0
195.76409545585878,0.0,0.0,0.0,0.0
195.76409545585878,0.0,0.0,0.0,0.0
195.76409545585878,0.0,0.0,0.0,0.0
195.76409545585878,0.0,0.0,0.0,0.0
195.76409545585878,0.0,0.0,0.0,0.0
195.76409545585878,0.0,0.0,440.8124571318689,0.0
195.76409545585878,0.0,0.0,0.0,0.0
195.76409545585878,0.0,0.0,0.0,0.0
195.76409545585878,0.0,0.0,0.0,0.0
195.76409545585878,0.0,0.0,448.1795444397109,0.0
195.76409545585878,0.0,0.0,0.0,0.0
195.76409545585878,0.0,0.0,0.0,0.0
195.76409545585878,0.0,0.0,0.0,0.0
195.76409545585878,0.0,0.0,0.0,0.0
195.76409545585878,0.0,0.0,0.0,0.0
195.76409545585878,0.0,0.0,0.0,0.0
195.76409545585878,426.6573292515318,0.0,0.0,0.0
195.76409545585878,426.6573292515318,12.491680600231462,9.024333580321297,0.0
195.76409545585878,0.0,0.0,0.0,0.0
195.76409545585878,0.0,0.0,0.0,0.0
195.76409545585878,0.0,0.0,0.0,0.0
195.76409545585878,0.0,0.0,0.0,0.0
195.76409545585878,0.0,0.0,0.0,0.0
195.76409545585878,0.0,0.0,0.0,0.0
195.76409545585878,0.0,0.0,0.0,0.0
195.76409545585878,0.0,0.0,310.1483192908338,0.0
195.76409545585878,0.0,0.0,0.0,0.0
195.76409545585878,0.0,0.0,0.0,0.0
195.76409545585878,0.0,0.0,0.0,0.0
195.76409545585878,0.0,0.0,0.0,0.0
195.76409545585878,0.0,0.0,0.0,0.0
195.76409545585878,0.0,0.0,0.0,0.0
195.76409545585878,0.0,0.0,0.0,0.0
195.76409545585878,0.0,0.0,0.0,0.0
195.76409545585878,0.0,0.0,0.0,0.0
195.76409545585878,0.0,0.0,0.0,0.0
195.76409545585878,451.1022325716934,0.0,0.0,0.0
195.76409545585878,0.0,0.0,0.0,0.0
195.76409545585878,0.0,0.0,0.0,0.0
195.76409545585878,457.6475614912557,515.9938316213875,0.0,0.0
195.76409545585878,0.0,0.0,0.0,0.0
195.76409545585878,0.0,0.0,0.0,0.0
195.76409545585878,457.6475614912557,515.9686667323866,0.0,0.0
195.76409545585878,0.0,0.0,0.0,0.0
195.76409545585878,0.0,0.0,457.80393133609397,0.0
195.76409545585878,437.70775492437826,0.0,0.0,0.0
195.76409545585878,0.0,0.0,0.0,0.0
195.76409545585878,0.0,310.1507720448007,0.0,0.0
195.76409545585878,0.0,0.0,0.0,0.0
195.76409545585878,0.0,0.0,0.0,0.0
195.76409545585878,0.0,0.0,0.0,0.0
195.76409545585878,0.0,0.0,0.0,0.0
195.76409545585878,0.0,0.0,0.0,0.0
195.76409545585878,0.0,0.0,440.8124571318689,0.0
195.76409545585878,0.0,0.0,0.0,0.0
195.76409545585878,0.0,0.0,0.0,0.0
195.76409545585878,0.0,0.0,0.0,0.0
195.76409545585878,0.0,0.0,0.0,0.0
195.76409545585878,0.0,0.0,0.0,0.0
195.76409545585878,0.0,0.0,0.0,0.0
195.76409545585878,0.0,0.0,0.0,0.0
195.76409545585878,0.0,0.0,0.0,0.0
195.76409545585878,0.0,0.0,0.0,0.0
195.76409545585878,0.0,0.0,0.0,0.0
195.76409545585878,0.0,0.0,0.0,0.0
195.76409545585878,0.0,0.0,0.0,0.0
195.76409545585878,0.0,0.0,0.0,0.0
195.76409545585878,0.0,0.0,378.94103629562915,0.0
195.76409545585878,0.0,0.0,0.0,0.0
195.76409545585878,0.0,0.0,0.0,0.0
195.76409545585878,0.0,0.0,0.0,0.0
195.76409545585878,0.0,439.2807586314429,18.509341161885942,0.0
195.76409545585878,0.0,0.0,0.0,0.0
195.76409545585878,404.0276941912528,388.61510112874214,0.0,0.0
195.76409545585878,0.0,0.0,0.0,0.0
195.76409545585878,0.0,0.0,0.0,0.0
195.76409545585878,0.0,0.0,0.0,0.0
195.76409545585878,451.1022325716934,0.0,6.513179880776875,0.0
195.76409545585878,0.0,0.0,0.0,0.0
195.76409545585878,0.0,0.0,0.0,0.0
195.76409545585878,0.0,0.0,0.0,0.0
195.76409545585878,0.0,0.0,0.0,0.0
195.76409545585878,0.0,0.0,0.0,0.0
195.76409545585878,0.0,0.0,0.0,0.0
195.76409545585878,0.0,0.0,0.0,0.0
195.76409545585878,0.0,0.0,0.0,0.0
195.76409545585878,0.0,0.0,0.0,0.0
195.76409545585878,0.0,0.0,0.0,0.0
195.76409545585878,0.0,0.0,0.0,0.0
195.76409545585878,0.0,0.0,0.0,0.0
195.76409545585878,0.0,0.0,0.0,0.0
195.76409545585878,0.0,0.0,0.0,0.0
195.76409545585878,426.6573292515318,12.491680600231462,0.0,0.0
195.76409545585878,0.0,0.0,0.0,0.0
195.76409545585878,0.0,0.0,0.0,0.0
195.76409545585878,0.0,0.0,0.0,0.0
195.76409545585878,0.0,0.0,0.0,0.0
195.76409545585878,0.0,0.0,0.0,0.0
195.76409545585878,0.0,0.0,0.0,0.0
195.76409545585878,0.0,0.0,0.0,0.0
195.76409545585878,0.0,0.0,0.0,0.0
195.76409545585878,0.0,0.0,0.0,0.0
195.76409545585878,0.0,0.0,0.0,0.0
195.76409545585878,0.0,0.0,0.0,0.0
195.76409545585878,0.0,0.0,0.0,0.0
195.76409545585878,0.0,0.0,0.0,0.0
195.76409545585878,0.0,0.0,0.0,0.0
195.76409545585878,0.0,0.0,0.0,0.0
195.76409545585878,0.0,0.0,378.94103629562915,0.0
195.76409545585878,0.0,0.0,0.0,0.0
195.76409545585878,437.70775492437826,0.0,0.0,0.0
195.76409545585878,0.0,0.0,0.0,0.0
195.76409545585878,0.0,0.0,0.0,0.0
195.76409545585878,0.0,0.0,0.0,0.0
195.76409545585878,0.0,0.0,448.17954443971087,0.0
195.76409545585878,0.0,439.2807586314367,529.0759270727037,0.0
195.76409545585878,0.0,0.0,0.0,0.0
195.76409545585878,0.0,0.0,0.0,0.0
195.76409545585878,426.6573292515318,442.7979888449315,0.0,0.0
195.76409545585878,0.0,0.0,0.0,0.0
195.76409545585878,0.0,0.0,0.0,0.0
195.76409545585878,0.0,0.0,0.0,0.0
195.76409545585878,0.0,0.0,0.0,0.0
195.76409545585878,0.0,0.0,0.0,0.0
195.76409545585878,0.0,0.0,0.0,0.0
195.76409545585878,0.0,0.0,0.0,0.0
195.76409545585878,0.0,0.0,0.0,0.0
195.76409545585878,0.0,0.0,0.0,0.0
195.76409545585878,0.0,0.0,0.0,0.0
195.76409545585878,0.0,0.0,0.0,0.0
195.76409545585878,0.0,0.0,0.0,0.0
195.76409545585878,0.0,0.0,0.0,0.0
195.76409545585878,0.0,0.0,0.0,0.0
195.76409545585878,0.0,0.0,0.0,0.0
195.76409545585878,0.0,0.0,0.0,0.0
195.76409545585878,0.0,0.0,0.0,0.0
195.76409545585878,0.0,0.0,0.0,0.0
195.76409545585878,0.0,0.0,0.0,0.0
195.76409545585878,402.1374762350821,465.48911445900285,0.0,0.0
195.76409545585878,0.0,0.0,0.0,0.0
195.76409545585878,0.0,0.0,0.0,0.0
195.76409545585878,0.0,0.0,0.0,0.0
195.76409545585878,0.0,0.0,0.0,0.0
195.76409545585878,0.0,0.0,0.0,0.0
195.76409545585878,0.0,0.0,0.0,0.0
195.76409545585878,0.0,0.0,0.0,0.0
195.76409545585878,0.0,0.0,0.0,0.0
195.76409545585878,0.0,0.0,0.0,0.0
195.76409545585878,0.0,310.14634877591516,130.66610835595378,0.0
195.76409545585878,0.0,0.0,0.0,0.0
195.76409545585878,0.0,0.0,0.0,0.0
195.76409545585878,0.0,0.0,0.0,0.0
195.76409545585878,0.0,0.0,0.0,0.0
195.76409545585878,426.6573292515318,0.0,0.0,0.0
